frecuencia1,ugen1,frecuencia2,ugen2,frecuencia3,ugen3,clase,claseModelo
13716,9,14451,0,11519,6,0,3
12401,5,11073,6,2108,9,1,1
10895,8,12842,7,2869,9,1,1
14892,5,17145,1,19690,3,0,3
2853,0,10676,4,256,7,1,1
17181,11,11470,10,2083,0,3,1
8835,9,16862,5,17207,2,0,3
2885,0,329,6,5506,4,2,3
11662,9,9220,4,16384,5,0,3
16994,10,8018,4,7783,1,3,3
13761,5,1545,3,8821,9,3,3
881,8,7274,7,17471,5,2,3
16538,2,363,4,18304,6,3,3
12315,1,4731,4,329,10,3,1
8045,6,7076,8,10471,5,2,3
5762,6,955,5,15263,4,2,3
17069,5,11809,9,11780,11,0,3
10045,3,12710,7,3770,10,1,1
19684,8,7585,10,12776,11,3,3
14806,7,15774,0,9535,9,0,3
2465,11,5602,5,12888,7,2,3
15701,4,10567,5,3890,7,3,1
17991,5,16894,9,13302,7,0,3
15753,5,12221,8,2473,11,1,1
18080,10,873,8,296,2,3,1
5872,6,15520,10,1943,6,1,1
16206,0,1135,1,777,9,3,1
1446,0,14942,7,18049,9,0,3
7733,6,4602,8,11989,11,2,3
14819,11,11757,2,16882,0,0,3
2624,5,9849,5,11556,11,2,3
11740,0,12230,8,17793,0,0,3
10776,11,6149,11,5984,2,3,3
16661,4,9271,7,10810,2,3,3
2007,3,7048,11,16535,5,2,3
2800,9,99,10,7887,3,2,3
10827,4,17150,6,4334,6,1,1
19606,6,1306,8,8595,6,3,3
18412,3,6544,8,15471,9,3,3
9126,3,12115,1,5516,1,1,1
7244,2,5888,6,4202,0,2,3
10322,0,3479,10,5335,5,3,3
2144,5,10866,2,19764,11,2,3
7633,10,239,0,7824,10,2,3
5949,0,951,2,1690,3,2,1
9346,11,972,11,8083,1,2,3
11705,3,12036,8,11357,8,0,3
1317,5,319,11,957,4,2,3
12807,1,15173,5,7075,0,1,3
10688,0,19825,10,5133,6,1,1
6360,4,10358,3,16946,11,0,3
7302,0,13225,4,8356,4,1,1
15771,8,14090,0,14521,1,0,3
8236,9,5340,11,19818,8,2,3
522,2,10679,7,1558,11,1,1
19100,1,15584,10,2342,11,1,1
15607,4,14263,1,16882,3,0,3
18529,11,11865,8,18110,9,0,3
2113,3,13784,8,19483,8,0,3
18140,2,11142,6,2204,7,3,1
2551,5,18737,8,5182,9,1,1
4631,11,17963,3,18129,0,0,3
7873,10,15033,0,12065,4,0,3
1870,11,11771,11,15997,0,2,3
12349,7,15966,8,5906,0,1,1
9783,5,6661,8,17095,2,2,3
14696,2,12115,5,855,1,1,1
3468,8,10932,9,6713,2,1,1
3721,8,4997,8,640,3,1,1
9408,3,6490,1,11737,0,2,3
5873,0,14319,7,17299,10,0,3
690,2,6809,5,5258,4,2,3
7713,4,10916,7,10403,0,2,3
8703,2,444,9,13842,10,2,3
7417,7,5309,1,18971,8,2,3
13446,8,16968,7,8849,8,0,3
19310,3,15925,7,17207,11,0,3
8204,0,13870,0,7848,1,1,1
3737,0,9489,3,17405,10,2,3
9182,0,8310,11,1120,7,1,1
11063,8,13239,1,2311,10,1,1
19115,11,6875,11,11445,7,3,3
3811,7,7074,5,1713,10,1,1
13864,11,2508,8,12922,2,3,3
4432,2,918,3,17397,0,2,3
15501,4,16640,5,14898,2,0,3
5058,2,4023,0,8550,7,2,3
5879,3,17750,4,6777,4,1,1
7184,7,3592,9,1723,1,2,1
5379,4,7794,3,7052,10,2,3
6337,5,11402,9,5504,4,1,1
8315,1,19643,9,10351,6,1,1
9233,10,9525,7,2798,0,1,1
2027,0,64,5,16690,8,2,3
12472,4,663,2,9627,1,3,3
4627,5,1619,9,10798,11,2,3
1783,3,1875,4,866,0,2,3
9855,4,11290,3,12233,3,0,3
2547,1,12511,1,2272,4,1,1
11604,7,14517,4,2784,3,1,1
17178,11,5746,4,10964,4,3,3
6663,5,484,10,5212,7,2,3
12544,8,19134,1,6574,4,1,1
3297,4,4743,8,4123,11,2,3
2109,0,13704,10,18050,3,0,3
3087,10,19908,6,10133,11,1,1
17910,11,7196,11,6897,2,3,3
17923,0,18357,7,15022,0,0,3
940,8,7977,7,11939,5,2,3
10821,11,14361,4,18115,3,0,3
16089,11,16098,2,9633,11,0,3
3492,10,17931,5,9806,10,1,1
14647,8,17881,0,12750,3,0,3
8451,5,17775,8,4582,2,1,1
18059,6,13686,1,2912,11,1,1
19999,1,13770,5,17227,7,0,3
138,7,15509,10,250,7,1,1
5551,5,15832,1,9566,0,1,1
6763,9,16443,9,12939,8,0,3
18625,10,9730,2,13208,6,3,3
10249,7,6005,2,1364,7,3,1
14451,7,7774,6,11169,10,3,3
6204,4,14355,0,9163,8,1,1
11184,7,18752,6,11030,10,0,1
18296,2,10646,0,5571,7,3,1
1707,10,12690,3,11123,4,2,3
6452,4,10430,9,2220,7,1,1
6801,7,989,3,7404,3,2,3
6781,2,12707,5,8856,9,1,1
15880,6,8274,3,11507,7,3,3
19969,4,2414,1,18853,8,3,3
14158,8,18988,3,1110,5,1,1
18080,0,15298,5,11350,1,0,3
2581,10,476,4,9973,2,2,3
19785,4,3820,6,13267,9,3,3
10561,2,8407,5,19865,6,0,3
16873,1,9618,2,7712,1,3,3
18565,5,19138,9,7015,4,0,1
2956,10,491,3,9555,5,2,3
6543,5,17298,6,14432,7,0,3
10868,10,16701,10,8368,11,1,1
11292,3,1474,0,11381,10,3,3
19648,6,17689,9,18222,5,0,3
5181,8,14001,0,11669,11,1,3
4218,3,4690,2,11546,10,2,3
7215,2,8060,8,17097,7,2,3
14679,2,13611,6,7344,0,1,3
6459,3,11459,11,12260,3,2,3
8432,11,10930,5,10829,3,2,3
17658,10,3541,4,11778,3,3,3
14391,2,15888,10,13942,10,0,3
12332,9,1372,4,9785,9,3,3
8647,2,1737,9,17451,5,2,3
10337,7,7997,10,842,11,1,1
11008,5,5682,5,16063,3,2,3
1375,2,1600,3,6498,2,2,3
11474,6,15914,9,7852,10,1,1
10340,11,16570,9,18427,4,0,3
8770,8,9397,6,12145,6,2,3
6915,0,7113,8,15439,3,2,3
19488,4,19656,3,11095,5,0,3
9647,8,13940,4,6194,5,1,1
19601,1,9312,11,14530,9,3,3
12431,4,14973,3,15026,5,0,3
4747,6,12937,7,8873,1,1,1
3115,9,11409,6,1016,2,1,1
6452,0,10484,6,17298,0,0,3
4171,7,15949,3,19140,10,0,3
16797,8,1947,7,2311,5,3,1
11633,9,18239,7,11276,5,0,3
9971,7,5966,11,9926,0,2,3
9345,3,2999,5,17231,8,2,3
5758,3,688,1,18977,11,2,3
10235,9,220,8,12287,2,2,3
18096,0,14840,5,7392,9,3,1
12933,11,5772,9,14467,5,3,3
19497,6,19675,1,442,2,1,1
4250,6,9413,0,5110,10,1,1
7883,1,3733,7,11556,8,2,3
16164,5,2895,3,2612,4,3,1
2355,6,18690,10,12602,3,1,1
13958,7,13623,8,11950,2,0,3
942,9,5694,3,735,7,2,1
7694,3,8187,2,13779,1,2,3
5525,3,6907,7,19865,1,2,3
7785,0,12377,10,6924,1,1,1
15021,3,9043,4,10372,0,3,3
5733,11,16730,0,14442,0,0,3
7010,1,13695,11,14143,4,0,3
7664,9,17627,0,1783,4,1,1
18366,11,11370,10,6951,1,3,1
11262,10,9676,4,12928,9,0,3
8954,1,15639,10,8649,2,1,1
771,8,12661,1,2075,1,1,1
17482,5,19565,10,19721,5,0,3
9445,9,5672,11,838,0,1,1
5858,8,10573,7,1370,9,1,1
10240,6,13360,10,3478,9,1,1
9343,8,2313,2,16483,8,2,3
10844,11,13525,4,5007,10,1,1
19216,3,6556,11,9717,1,3,3
6045,5,2469,10,728,3,2,1
15064,8,14917,1,5021,3,1,1
9632,3,11022,6,13595,10,0,3
18681,8,12519,5,1732,8,3,1
8026,11,2694,4,16405,4,2,3
1797,1,3093,3,12250,1,2,3
18412,3,17104,7,5339,4,1,1
14041,5,11319,9,4445,4,1,1
8676,7,9278,1,4923,6,1,3
9080,6,12349,8,6016,1,1,1
14564,8,3697,0,2538,4,3,1
1455,6,984,9,7838,2,2,3
18868,0,15542,9,1110,6,1,1
14588,3,10391,9,8988,4,3,3
9781,0,14180,3,16734,10,0,3
12371,10,10922,8,17834,7,0,3
7421,8,3422,8,11156,9,2,3
11672,0,11012,7,5182,11,1,3
12214,2,18471,6,1298,10,1,1
6421,11,4391,8,11158,5,2,3
5677,2,7960,5,15141,1,2,3
2849,6,1635,9,9605,4,2,3
2096,0,4962,4,9075,9,2,3
4043,11,381,3,8482,8,2,3
12583,5,3267,2,5841,7,3,3
3424,1,5866,3,17311,2,2,3
13972,9,6303,6,18643,8,0,3
1122,4,11442,5,8635,6,2,3
14765,5,13749,1,13425,10,0,3
3533,10,1926,4,13726,6,2,3
3267,8,10468,2,15629,3,2,3
3957,9,19236,10,17843,10,0,3
19656,1,5899,6,13251,1,3,3
1316,11,14283,6,6183,8,1,1
5070,2,3801,5,2118,8,2,3
10558,10,17804,7,1192,3,1,1
10492,5,17277,11,9163,0,1,1
11493,7,18607,8,18882,1,0,3
16560,9,4288,2,16032,5,3,3
15232,4,9815,7,1795,8,3,1
19385,8,19347,5,15535,11,0,3
8439,2,15774,6,6443,7,1,1
1194,2,16858,4,4489,2,1,1
16167,0,12402,4,19036,6,0,3
19938,0,2082,3,12866,7,3,3
7894,2,18487,3,14787,7,0,3
10918,9,6054,7,888,0,3,1
4742,8,19328,8,2388,9,1,1
15345,8,18812,0,9739,4,0,3
12452,5,18319,11,10926,5,0,3
4830,2,9909,2,6841,10,1,1
1916,8,7585,0,16204,7,2,3
11130,11,12634,10,14213,6,0,3
17497,7,16998,2,16707,10,0,3
2742,0,13522,1,7974,4,1,1
12558,7,7512,6,7551,8,3,3
19256,1,15283,10,5021,11,3,1
3651,1,7620,1,10213,5,2,3
9712,4,7206,6,11735,5,2,3
19832,3,13845,0,16179,0,0,3
6810,9,9528,4,1778,2,1,1
4226,3,11407,4,13907,2,2,3
9210,7,6508,6,252,2,1,1
3064,2,11490,9,13347,2,2,3
3343,8,3145,0,18682,1,2,3
4217,1,8867,2,10564,4,2,3
18062,4,7094,7,12988,10,3,3
6671,8,6139,7,17928,0,2,3
5664,11,5439,10,13185,5,2,3
9520,3,3335,10,3111,0,3,1
10167,5,7355,3,6086,10,3,3
11101,4,15924,0,16369,5,0,3
17694,10,6705,6,14575,1,3,3
13282,0,3065,9,1842,11,3,1
2686,0,3256,11,16382,8,2,3
16392,7,1350,9,4212,7,3,1
10076,2,17372,6,514,7,1,1
6480,10,11743,3,6635,0,1,1
14642,6,9492,1,14956,11,0,3
4028,1,16127,11,18505,8,0,3
7699,4,11331,3,12205,5,0,3
19677,9,5256,3,17315,11,3,3
1862,3,6526,5,14084,0,2,3
14964,4,14838,3,8681,11,0,3
10149,4,7615,3,6325,8,3,3
1998,8,4039,1,4157,6,2,3
11280,10,11534,10,2894,5,1,1
4228,8,17640,10,6679,8,1,1
11901,11,6278,9,11653,7,3,3
13597,8,16450,10,5194,9,1,1
15684,9,15982,7,18967,8,0,3
19175,8,1681,0,997,9,3,1
2162,11,19511,4,17271,3,0,3
14819,5,349,2,3341,1,3,1
7270,10,2611,7,9510,7,2,3
13070,0,11324,0,2260,6,1,1
10701,4,2657,3,6729,7,3,3
10316,7,113,0,725,11,3,1
19304,5,19639,10,15639,8,0,3
14263,0,7575,11,13638,11,3,3
11777,9,8881,6,3511,2,1,1
14084,0,4169,7,13705,11,3,3
6445,6,1867,5,13339,0,2,3
18140,9,5110,4,356,4,3,1
6968,4,7127,2,4461,8,1,3
14718,9,13156,8,14446,7,0,3
6068,10,17997,0,12231,3,0,1
17122,5,16013,0,14693,0,0,3
6715,0,18403,7,15087,10,0,3
9244,7,11461,6,2384,11,1,1
1316,7,15127,11,442,9,1,1
12627,5,16846,4,6389,10,1,1
14213,7,3867,8,6689,10,3,3
11065,11,4552,7,16676,9,2,3
897,4,17162,7,17613,2,0,3
17025,11,7975,4,9725,5,3,3
705,0,4850,10,3248,0,2,1
1369,2,5600,3,11469,5,2,3
12546,0,4350,5,18341,4,2,3
15119,11,12649,4,16276,10,0,3
1384,11,8429,9,14618,3,2,3
8840,2,15407,10,3966,5,1,1
10767,9,9889,7,13194,8,0,3
4769,11,19905,6,1661,5,1,1
4296,6,13540,7,8125,7,1,1
8332,3,12070,9,12279,1,0,3
4880,11,16927,4,2678,1,1,1
8974,7,9785,2,19373,2,0,3
18460,5,7211,1,15440,3,3,3
15419,4,19915,3,859,9,1,1
12154,1,16104,7,8020,1,1,3
6121,4,13473,3,4938,10,1,1
1532,1,11671,2,8955,2,2,3
7756,8,16409,4,2425,4,1,1
18937,10,9552,5,4723,6,3,1
442,2,18981,9,13128,6,1,3
10345,9,17009,10,11584,10,0,3
13175,9,16494,5,8305,8,1,3
19064,7,10489,9,3550,3,3,1
18967,2,18735,0,19481,4,0,3
805,5,16525,10,13125,7,1,3
922,10,11551,10,4766,3,1,1
14014,0,18108,6,10614,8,0,3
4398,6,6448,7,2315,5,1,1
13609,6,14730,4,7906,5,1,3
684,5,13986,10,17248,11,2,3
13837,1,6072,10,15733,9,3,3
9029,0,5252,2,76,9,1,1
6469,1,1503,1,11034,2,2,3
15039,0,4065,5,9914,1,3,3
8629,9,3791,5,2014,8,3,1
3260,8,3403,6,12892,6,2,3
10835,0,10699,8,19798,4,0,3
15693,10,7407,5,10608,4,3,3
18634,7,17672,9,11340,5,0,3
6146,3,11877,7,18778,7,0,3
11398,11,16990,1,7330,0,1,1
19214,3,18469,9,18608,8,0,3
9732,1,10618,6,9420,1,1,3
17945,9,12852,0,894,10,1,1
6168,7,19376,1,1058,5,1,1
19868,7,9896,3,6558,1,3,1
18368,4,18884,9,12874,3,0,3
670,2,13663,6,381,9,1,1
7320,7,19848,8,11803,7,0,1
6909,8,11528,1,2894,10,1,1
18595,7,11088,10,1643,10,3,1
9902,3,17999,9,19165,6,0,3
3850,2,969,4,2057,11,2,3
2691,4,14650,11,19097,9,0,3
1599,11,6125,7,4446,7,2,1
19806,3,705,6,19243,3,3,3
644,8,12857,3,3446,7,1,1
7317,4,10192,1,17709,0,0,3
3857,11,17348,5,19707,6,0,3
9423,5,4912,9,14217,4,2,3
15164,11,7457,10,14367,11,3,3
18933,0,16660,0,10049,0,0,3
4776,7,6917,0,16983,11,2,3
3873,10,6336,2,631,9,1,1
15770,1,5862,3,16572,0,3,3
4009,10,16796,5,17746,4,0,3
19791,6,18463,1,93,0,1,1
2859,10,13285,8,13030,1,2,3
17042,7,3908,11,19609,0,3,3
18040,6,5442,6,4241,5,3,1
2247,4,10674,4,5807,4,1,1
11437,6,8692,1,2157,10,1,1
4493,4,14804,5,1842,8,1,1
14342,9,1023,2,17498,5,3,3
9635,3,12156,4,6998,4,1,3
13340,2,10213,4,8195,9,3,3
5022,8,2376,2,9383,6,2,3
17732,8,9759,7,2166,10,3,1
13917,8,16513,4,9649,3,0,3
8580,2,2976,5,6149,4,2,3
18070,9,16652,2,14286,0,0,3
7625,0,19967,5,7442,4,1,1
8681,11,12558,4,4351,0,1,1
3423,1,1433,0,18534,9,2,3
5489,2,13666,3,12076,7,0,3
18054,2,927,11,18185,11,3,3
11121,2,9535,3,19012,0,0,3
6353,8,2983,11,2724,1,2,3
12458,11,18446,0,2351,11,1,1
6268,6,2559,3,18180,5,2,3
6154,1,6161,3,14677,10,2,3
6443,4,6979,8,10175,7,2,3
13761,9,13925,2,1235,9,1,1
9937,10,8919,11,12808,1,2,3
19340,2,11443,2,16372,2,0,3
11219,11,11423,1,19121,8,0,3
15022,6,12959,9,17216,7,0,3
6002,8,14432,0,9268,7,1,1
5090,6,3544,1,11845,7,2,3
4351,4,15322,0,8514,9,1,1
17280,7,7322,1,4000,11,3,1
5603,0,12998,6,1183,8,1,1
13627,7,6991,8,18779,4,0,3
7152,7,17059,10,2594,10,1,1
11827,5,3003,5,6852,2,3,3
13133,10,5525,8,16294,0,3,3
6943,8,13752,8,7654,0,1,1
16742,3,13630,7,15307,3,0,3
7820,7,3249,6,16565,4,2,3
6817,2,17450,11,1253,5,1,1
6187,6,11060,10,19532,11,0,3
10676,9,16674,7,1084,1,1,1
16839,1,9856,9,17309,2,0,3
3014,2,2188,2,4642,9,2,3
17314,11,14063,9,4364,4,1,1
16069,5,9751,9,19281,7,0,3
9100,3,2653,1,12239,0,2,3
13853,3,1785,11,553,3,3,1
3958,0,10999,5,14636,1,2,3
10071,5,5962,1,10347,11,2,3
8915,11,19448,2,12523,6,0,1
19065,5,14963,11,13046,3,0,3
6796,8,15318,6,19450,8,0,3
13592,9,14193,9,16990,2,0,3
8905,3,16077,10,8982,2,1,1
5195,10,3523,10,3432,5,2,3
4891,2,19994,11,5470,11,1,1
15027,11,16086,10,3853,2,1,1
1167,6,9679,4,11391,3,2,3
13116,0,13645,2,5449,8,1,1
17612,9,5216,0,1483,9,3,1
139,4,11558,5,819,4,1,1
12391,11,7285,10,7293,1,3,3
13011,0,11155,10,5506,2,1,3
15253,8,16374,5,6926,3,1,1
6433,6,8050,0,12573,7,2,3
9466,2,11577,0,18042,3,0,3
10823,7,17995,3,18864,4,0,3
13596,11,443,8,15793,4,3,3
15981,3,14957,9,18736,1,0,3
15666,5,6000,5,18335,7,3,3
3643,4,6246,2,18727,5,2,3
12809,8,4423,1,2020,10,3,1
10132,7,4478,3,1612,1,3,1
19966,9,8975,10,4690,9,3,1
7969,6,19683,6,5284,8,1,1
5895,1,10196,7,6682,4,1,1
13192,10,19184,6,18849,8,0,3
11640,10,3417,11,5179,11,3,3
17953,10,11029,6,11617,2,3,3
2200,2,19581,4,11627,3,1,1
9068,6,13396,11,13230,11,0,3
19370,10,13146,7,19173,0,0,3
1308,9,9496,1,16487,4,2,3
3695,8,5315,1,16830,9,2,3
12788,8,2833,4,6303,9,3,3
11536,1,12652,11,1226,6,1,1
14390,5,12169,10,2220,7,1,1
10765,4,11843,9,10048,5,0,3
12699,7,7037,5,11340,0,3,3
16708,8,4707,0,18869,7,3,3
4114,9,11982,5,12366,0,2,3
4539,6,1859,6,6657,3,2,3
2088,8,8210,2,10796,5,2,3
18698,0,17115,8,14425,4,0,3
11205,3,11203,1,2637,9,1,1
4999,6,15637,2,16949,2,0,3
9140,3,11445,11,8760,6,1,3
14651,4,16739,4,18680,5,0,3
5887,6,8179,3,6104,2,2,3
4884,5,17180,2,16040,4,0,3
13427,6,18565,5,11026,0,0,3
15882,6,10536,4,12874,1,0,3
5933,6,8002,5,4339,8,1,3
766,7,18884,4,19990,2,0,3
16588,1,16782,4,5490,3,1,1
13307,8,5026,5,13098,1,3,3
10593,10,9279,7,14951,11,0,3
7957,0,17624,1,11111,7,0,1
7489,11,6792,2,10555,4,2,3
9143,7,12193,1,4727,4,1,1
16805,4,9031,6,14095,4,3,3
7333,4,823,8,1654,2,2,1
7014,4,16806,10,11942,11,0,1
10371,2,16363,0,267,8,1,1
15832,1,16993,10,6691,1,1,1
11404,10,8832,9,7322,8,3,3
18996,1,48,11,18656,7,3,3
8529,11,2228,7,1949,7,3,1
18029,8,7754,10,15616,2,3,3
950,6,15598,0,12761,6,1,3
11359,11,7375,4,11243,8,3,3
5462,9,1311,9,14523,5,2,3
11920,0,103,8,5957,6,3,3
10346,7,8279,5,6331,5,3,3
9098,4,5398,9,4700,5,3,3
17378,4,7117,5,16650,3,3,3
14705,2,18292,2,4544,2,1,1
16184,3,16527,10,6746,8,1,1
13506,11,10336,11,14186,4,0,3
6960,1,6803,2,2313,11,1,1
3037,8,10367,0,18920,7,2,3
15159,1,1607,0,17575,9,3,3
13887,2,12381,1,9864,8,0,3
12462,4,14681,1,14457,3,0,3
2088,5,13997,2,11161,8,1,3
17619,0,4227,4,775,5,3,1
2677,5,7262,1,9425,11,2,3
4921,6,8835,9,17319,11,2,3
16919,11,14551,10,10987,10,0,3
9193,10,17579,0,8582,7,1,1
1863,8,4106,7,6474,11,2,3
7224,7,10516,11,4620,11,1,1
2380,2,15470,3,1766,2,1,1
5521,0,977,8,1583,9,2,1
2904,8,10472,9,8468,0,2,3
19039,7,1046,6,6485,1,3,3
16853,8,10611,6,6525,11,3,1
1011,2,2809,10,9804,11,2,3
14222,11,18612,8,14191,5,0,3
10671,0,14316,8,11609,6,0,3
9343,8,9663,9,3328,11,1,1
2283,8,5950,7,3467,6,2,1
4152,11,18577,8,11835,2,1,1
6993,10,19293,1,5059,3,1,1
16547,11,6787,5,18697,3,0,3
9908,3,11310,10,2517,10,1,1
11703,10,2724,1,15780,2,2,3
2087,5,13137,0,19922,1,0,3
11954,7,14010,2,5219,0,1,1
17176,9,917,1,9439,3,3,3
12421,1,5628,2,9932,3,3,3
15705,6,2135,7,10422,6,3,3
15766,6,16756,11,74,0,1,1
12724,8,15718,3,14893,9,0,3
14451,10,8722,7,15904,2,0,3
40,11,9208,8,873,2,1,1
7923,8,4660,9,4609,3,2,3
14738,0,18701,10,18312,6,0,3
9205,4,3325,8,19464,7,2,3
12416,11,14129,5,14610,3,0,3
424,3,13187,11,9377,7,1,3
13177,0,452,5,6315,3,3,3
9680,2,6772,6,8183,6,3,3
14822,11,17417,3,10785,10,0,3
15595,7,18706,6,10923,2,0,3
11410,9,5545,11,18429,3,2,3
12026,2,11302,8,12851,1,0,3
15237,11,13362,11,6083,4,1,1
10366,2,2625,11,1190,4,3,1
10194,2,16119,2,18552,5,0,3
10153,7,12991,11,14352,1,0,3
15234,0,10185,6,482,11,3,1
17639,4,2625,6,9424,5,3,3
3522,7,4292,6,17163,10,2,3
10156,3,17677,7,3134,5,1,1
2765,3,2082,5,9758,1,2,3
9964,6,12407,9,4405,6,1,1
714,3,2632,5,17126,8,2,3
6417,0,6106,6,9991,10,2,3
7493,11,19471,6,12036,3,0,1
9384,8,1902,7,5058,1,3,3
13714,5,13070,10,10258,7,0,3
11178,9,11021,9,9822,1,0,3
14352,8,19975,8,13706,10,0,3
9042,8,8047,0,12777,1,2,3
15618,7,15730,3,16254,6,0,3
2036,0,10310,7,8410,8,2,3
17620,11,6327,0,11725,10,3,3
13190,8,16564,2,18256,8,0,3
7253,11,7551,0,1110,5,1,1
19013,7,15136,2,11526,4,0,3
15975,10,5455,6,12751,4,3,3
13595,5,17286,10,14808,4,0,3
19138,1,5448,9,17951,7,3,3
9411,6,12314,1,18874,2,0,3
9311,4,18399,1,13442,8,0,1
329,4,15375,6,5201,9,1,1
786,1,4544,6,16119,6,2,3
9011,7,990,6,14096,4,2,3
12513,5,13198,7,15834,4,0,3
7665,2,2261,11,4569,6,2,3
1497,10,16651,6,4086,7,1,1
18283,0,12705,4,6384,9,3,1
15940,6,15217,8,19758,11,0,3
1371,7,12873,8,9155,9,1,3
12585,5,9763,9,14833,10,0,3
122,4,19772,5,14938,8,0,3
11940,7,7792,9,9792,8,3,3
8882,2,4817,1,4594,9,3,3
7992,7,8133,0,4971,6,1,3
14444,0,12527,1,10802,1,0,3
11922,8,18897,11,14105,2,0,3
7900,7,12904,1,19339,6,0,3
4535,2,4051,1,3253,5,2,3
2732,2,17220,6,6726,7,1,1
919,7,11217,6,16430,5,2,3
4470,1,16829,11,18035,8,0,3
12203,8,18721,2,14687,4,0,3
318,3,1363,1,1949,7,2,3
3059,0,17938,7,4039,9,1,1
6171,1,17340,8,17841,11,0,3
16470,10,13243,0,2785,4,1,1
9703,7,8468,4,7473,0,3,3
3672,3,2060,5,13584,8,2,3
13245,3,3277,5,1397,2,3,1
15629,4,13241,3,10042,11,0,3
10468,4,10925,3,16997,7,0,3
14726,0,19676,6,9589,8,0,1
9181,10,3078,11,8878,8,2,3
9075,1,13774,8,2895,8,1,1
18272,11,19345,7,13333,0,0,3
1403,2,19559,7,14664,7,0,3
9770,4,12511,2,10213,1,0,3
489,3,9395,9,15440,1,2,3
10259,4,5210,3,5631,2,3,3
14903,10,11430,11,1493,7,1,1
15206,1,2267,2,16963,9,3,3
2500,10,2969,11,10752,11,2,3
4669,0,6657,9,12216,4,2,3
16911,10,10400,11,11808,10,3,3
18623,9,4341,8,6012,7,3,1
2995,2,16050,7,1885,7,1,1
7387,2,15658,3,5740,8,1,1
14595,7,7363,5,1702,11,3,1
17642,4,12543,8,16800,10,0,3
12298,0,11178,6,12350,7,0,3
14189,8,6912,3,8188,6,3,3
7975,1,12411,10,13896,6,0,3
2887,8,9524,4,8565,10,2,3
5800,11,11162,10,15427,3,2,3
11428,8,5591,5,19666,1,0,3
17791,9,12887,8,9818,2,3,3
4970,5,11702,8,1850,5,1,1
184,2,17861,9,19553,7,0,3
10779,0,14105,0,2584,10,1,1
15564,5,7054,10,17543,2,0,3
13397,5,11857,6,7391,7,1,3
6502,4,15009,9,5421,0,1,1
17140,4,12164,3,16827,6,0,3
15154,1,19778,4,10664,8,0,3
8079,11,19033,7,6288,1,1,1
15040,4,17575,7,882,3,1,1
17180,9,13954,6,2900,11,1,1
18833,9,5678,10,7298,7,3,3
14157,8,6283,4,9726,4,3,3
12149,6,3858,8,2127,7,3,1
17107,1,19067,2,5815,3,1,1
7528,2,15379,2,2236,2,1,1
12269,6,10007,2,5619,3,1,3
1773,2,14817,2,11632,8,1,3
16419,6,5120,10,6406,4,3,3
9158,6,5811,2,13259,11,2,3
69,7,6483,5,5520,6,2,3
14659,4,9207,0,5644,4,3,1
17680,4,5831,9,15928,4,3,3
13135,9,13806,7,1211,11,1,1
2345,8,17470,0,4020,7,1,1
14132,2,11668,0,5742,2,1,1
7291,7,15475,9,18313,4,0,3
17947,5,10370,5,11174,11,3,3
15572,1,16717,4,3882,1,1,1
5590,5,10277,9,10243,5,2,3
1459,2,8265,3,7847,1,2,3
11991,2,16217,9,2896,6,1,1
9429,3,5066,5,13657,11,2,3
6355,9,9987,0,10499,6,2,3
1216,5,3627,10,11115,11,2,3
8031,6,1792,7,19164,9,2,3
5079,1,5060,0,15045,2,2,3
4699,2,1955,10,338,10,2,1
1925,11,12538,11,14189,1,2,3
16952,3,8051,7,7249,10,3,3
18209,0,11569,1,7783,10,3,3
16507,2,4050,10,10739,9,3,3
16006,10,4172,9,1772,11,3,1
14348,8,10957,9,3175,11,1,1
15538,5,16448,8,16967,8,0,3
15765,6,14098,3,19355,3,0,3
7339,11,3228,5,6817,9,2,3
14724,4,10436,2,15097,3,0,3
11376,2,15567,3,8919,8,1,3
10121,2,2362,1,7064,8,3,3
15990,11,19729,10,2605,9,1,1
2527,1,18923,2,9121,3,1,1
8448,7,14288,4,16300,1,0,3
18893,4,19824,2,5979,9,1,1
14139,5,11444,0,12806,7,0,3
1465,6,13891,8,6869,10,1,1
3808,0,428,1,19820,6,2,3
15321,0,1558,4,1548,1,3,1
7375,10,8417,5,12464,3,2,3
4972,11,442,9,18157,9,2,3
14523,11,5511,9,2848,9,3,1
2037,9,10839,7,14957,1,2,3
7008,0,11176,0,17208,11,0,3
11495,8,6363,2,10623,1,3,3
11177,9,15834,3,7849,5,1,1
19345,9,10621,5,10020,0,3,3
522,5,17324,11,13296,5,1,3
5982,11,15120,2,5078,8,1,1
11421,7,18436,0,7801,9,1,1
6972,1,18795,3,8523,6,1,1
3169,0,4141,4,10415,7,2,3
69,4,16120,7,18841,4,0,3
13117,11,2540,10,15640,5,3,3
6539,2,10542,7,5214,2,1,1
15408,8,12402,2,10374,0,0,3
9751,8,7415,1,2213,0,1,1
12253,3,17986,3,11934,6,0,3
15135,1,6964,1,15713,8,3,3
4619,0,2568,1,12840,5,2,3
15415,1,1822,8,17364,11,3,3
6760,10,2680,6,9295,6,2,3
1919,0,5060,8,3896,8,2,3
5350,9,19427,4,6070,5,1,1
17220,7,4297,6,11208,5,3,3
15466,3,18363,10,17193,4,0,3
19345,6,5458,10,14874,5,3,3
14310,3,990,2,19500,8,3,3
3653,7,8616,11,11295,10,2,3
2725,1,8963,9,11279,9,2,3
4871,2,13574,5,13559,4,0,3
4468,6,11684,0,17818,10,0,3
15150,3,10608,2,7870,6,3,3
11031,9,3191,7,19270,6,2,3
5740,6,1611,5,13289,9,2,3
15174,0,17884,7,18904,5,0,3
17025,7,186,6,10758,3,3,3
1320,2,12425,2,6180,11,1,1
405,6,7167,8,3681,6,2,1
10529,6,1943,2,6054,3,3,3
5066,4,9845,3,13233,10,2,3
12055,2,7841,10,13864,11,3,3
2990,10,13411,2,3398,2,1,1
470,11,15995,2,10072,3,1,1
5783,1,18186,7,3316,0,1,1
19925,4,4353,6,4040,8,3,1
6686,5,2735,11,17262,5,2,3
2130,2,10464,0,19339,5,2,3
2809,2,4829,4,7499,3,2,3
1627,7,11104,2,15076,2,2,3
1495,8,3695,7,3205,8,2,3
3072,7,1041,11,8663,6,2,3
17056,10,6384,8,2363,6,3,1
10456,3,98,2,3884,11,3,3
315,7,234,6,15207,0,2,3
6207,0,5530,2,14835,7,2,3
16977,9,790,7,10629,10,3,3
5211,6,2212,1,9803,2,2,3
9298,8,10331,4,15551,10,0,3
4296,6,7339,0,7742,2,2,3
871,2,3508,7,9924,5,2,3
7350,1,1744,6,2062,11,2,1
12646,7,12207,6,5330,3,1,1
18703,11,10797,4,19667,5,0,3
2453,2,7601,6,19139,7,2,3
17730,4,5549,5,12663,5,3,3
3630,6,3864,7,18087,10,2,3
5834,0,10870,4,16860,2,0,3
13092,11,19318,6,8528,0,1,1
7987,3,805,10,16737,1,2,3
18973,0,1224,8,16166,1,3,3
2728,3,14268,9,4803,11,1,1
7555,9,17065,1,208,10,1,1
7607,10,15582,4,6397,4,1,1
16038,8,10715,9,16780,5,0,3
18541,2,15750,6,13580,1,0,3
8734,6,6909,4,11028,2,2,3
818,5,19839,4,7778,11,1,1
640,9,11330,7,13471,6,2,3
9279,8,18261,1,15316,10,0,3
7921,6,5212,7,5920,11,2,3
14947,9,8211,7,18872,3,0,3
2102,10,6437,8,752,10,1,1
14434,1,16615,8,2208,5,1,1
9274,8,15608,1,15112,9,0,3
12665,0,9719,3,965,4,1,1
1086,4,2082,11,8266,1,2,3
6876,6,2863,8,14338,11,2,3
12016,5,12815,0,2550,11,1,1
9253,9,10463,10,15613,2,0,3
19814,6,12445,8,9044,3,3,3
13541,8,3914,10,3168,11,3,1
4315,1,8719,8,13398,7,2,3
6883,6,5457,2,8405,6,2,3
7546,8,16732,4,1774,0,1,1
11462,10,394,3,14795,6,2,3
7141,1,4391,1,8207,3,2,3
11162,8,7199,2,19278,11,0,3
11114,0,17896,9,18805,6,0,3
11372,9,1531,0,15597,8,2,3
9319,1,17077,5,11003,7,0,1
3648,2,10923,5,437,9,1,1
19662,4,7490,6,17623,8,3,3
16593,0,1163,5,3806,11,3,1
15055,10,8922,10,8630,4,3,3
17340,11,18093,8,10342,4,0,3
11364,9,9699,1,11988,9,0,3
17095,6,18629,4,6523,9,1,1
17370,11,5411,11,4029,9,3,1
11521,6,14637,4,15749,7,0,3
5219,3,3330,4,7581,3,2,3
13194,8,10600,8,10746,5,3,3
10387,2,11197,4,3973,2,1,1
955,1,1329,6,8275,7,2,3
13172,7,3633,1,9671,4,3,3
17615,10,18155,6,5136,8,1,1
5413,10,15059,8,4321,9,1,1
17368,1,17996,3,423,6,1,1
9400,6,93,11,12843,6,2,3
17198,5,2857,2,2834,11,3,1
2790,6,3884,4,17462,4,2,3
8022,1,10734,1,5383,9,1,3
13803,7,1728,8,13429,10,3,3
8975,4,3473,9,16952,10,2,3
12252,2,5617,8,18587,8,0,3
16585,5,12061,3,1418,9,1,1
16642,0,3932,3,1044,6,3,1
18038,3,9879,3,9957,9,3,3
9621,5,5915,2,935,0,1,1
15274,6,6508,4,10612,7,3,3
12668,2,5478,10,8545,10,3,3
3801,9,10350,8,1846,10,1,1
18973,0,4472,9,9200,7,3,3
4183,6,5908,11,19030,2,2,3
7602,8,12953,2,2286,5,1,1
14924,3,7228,9,3706,5,3,1
17057,0,3387,3,14682,4,3,3
16586,3,19214,9,12380,7,0,3
2610,9,17098,6,1411,8,1,1
11180,7,2638,2,2907,2,3,1
5299,2,3569,7,11895,1,2,3
3254,6,6725,0,6095,10,2,3
13366,2,15315,11,3856,6,1,1
47,0,1451,7,5080,11,2,3
18164,9,17985,6,1848,6,1,1
7341,8,17089,8,9277,2,1,1
6642,1,12651,10,18690,2,0,3
10772,7,14166,2,11100,11,0,3
15171,4,7236,10,64,11,3,1
6347,9,13229,3,16593,1,0,3
1143,10,6685,1,4420,5,2,1
862,4,18231,5,10154,8,1,1
13119,2,3579,8,3636,4,3,1
1664,0,3354,0,10993,5,2,3
10133,4,13404,9,13874,7,0,3
13252,7,8697,5,13116,8,3,3
10782,2,20,5,4373,3,3,3
8249,4,1429,11,4775,7,2,3
13031,11,6869,6,10053,2,3,3
18450,9,630,6,4848,0,3,1
8329,3,16926,6,1572,5,1,1
12197,7,11349,11,19180,3,0,3
10486,9,3848,5,14667,9,2,3
2958,5,7620,10,19272,3,2,3
14277,8,10414,3,13735,5,0,3
8689,5,16585,4,3426,9,1,1
3638,10,17637,1,4146,1,1,1
14359,11,16217,5,10332,9,0,3
15818,8,8303,6,15719,7,0,3
13247,6,17676,5,18125,7,0,3
12538,2,10291,6,2106,6,1,1
1350,5,4236,6,412,4,2,1
18359,7,7330,0,18104,3,0,3
515,4,14772,2,14780,11,2,3
4404,8,816,9,5304,3,2,3
4728,9,5534,11,19391,9,2,3
5440,7,3154,8,9323,1,2,3
14657,2,199,6,2522,7,3,1
15713,3,13161,7,5060,10,1,1
3145,9,2744,1,3449,4,2,3
3558,1,6143,5,17837,1,2,3
19540,7,10687,10,15249,6,0,3
13607,7,18722,10,1216,3,1,1
6387,3,1942,7,1926,4,2,1
17912,4,15660,1,5258,1,1,1
16447,11,10613,0,13013,9,0,3
8158,0,10768,10,13979,9,0,3
2746,10,15806,8,4509,0,1,1
1619,3,11542,7,16397,11,2,3
7862,4,2426,1,18296,3,2,3
19792,8,963,10,11108,7,3,3
10416,1,1538,3,19839,3,2,3
2288,3,11680,0,14414,11,2,3
9364,8,12405,7,17377,9,0,3
61,11,13050,2,17353,4,2,3
14257,9,14941,0,5079,8,1,1
8610,10,19992,9,14279,0,0,1
14004,6,9790,6,4830,6,3,1
7014,5,15344,2,2948,8,1,1
16021,3,14773,0,10033,5,0,3
11748,1,2856,1,14059,11,3,3
2775,9,3028,3,6223,10,2,3
12649,0,11078,0,11470,9,0,3
18314,11,11255,2,16364,8,0,3
13475,6,17608,11,15823,2,0,3
10353,0,12996,3,2531,11,1,1
14130,10,2656,10,7317,7,3,3
8098,3,5868,0,7436,7,2,3
8734,8,6612,4,9730,11,2,3
1138,9,2235,5,13792,8,2,3
5410,4,661,5,9139,5,2,3
15379,8,18908,11,7238,2,1,1
11055,9,11104,3,3552,2,1,1
6023,5,13398,9,13644,7,0,3
11843,8,1517,8,11848,3,3,3
6695,0,10393,0,12253,2,2,3
10410,11,11646,5,7476,11,1,3
13213,4,12588,8,13045,7,0,3
16434,10,882,3,8302,6,3,3
17425,11,6238,0,17136,9,3,3
10038,2,18052,10,14026,0,0,3
13655,2,7734,10,18705,11,0,3
3609,11,7580,10,8104,8,2,3
19880,9,15551,5,16010,8,0,3
12989,6,1361,8,1416,0,3,1
18624,10,7026,3,17428,8,3,3
14073,4,2496,0,11561,11,3,3
17493,6,10914,3,14769,3,0,3
9965,11,12439,1,8646,10,1,3
10795,3,13741,3,12787,4,0,3
12822,8,14964,1,19262,7,0,3
6423,11,2804,11,501,5,2,1
16195,10,13087,0,16016,2,0,3
2273,10,16595,1,9252,3,1,1
1314,0,11371,11,5645,5,1,1
3068,7,13533,10,5618,5,1,1
13343,1,3946,1,2937,9,3,1
19893,4,1190,10,6521,9,3,1
79,5,18632,10,16571,4,0,3
8165,4,12024,6,12518,0,0,3
1895,8,11997,0,10197,9,2,3
3644,10,15950,9,12930,0,0,3
17704,0,17437,8,13728,2,0,3
11476,3,13292,4,7808,1,1,3
6997,1,8927,4,17816,10,2,3
472,11,3574,0,6827,6,2,3
6897,11,10186,5,4708,1,1,1
17929,5,4085,5,12593,9,3,3
9697,4,1304,3,11494,8,2,3
14267,7,14711,2,13255,11,0,3
2765,6,19666,3,12394,3,1,1
4626,7,15883,7,13455,3,0,3
18534,9,14722,10,9947,10,0,3
3439,9,1350,6,10684,7,2,3
13820,4,14841,9,5117,4,1,1
12415,6,1975,8,10276,7,3,3
12480,11,3483,1,9990,4,3,3
6677,11,15612,7,848,10,1,1
17610,1,9640,9,5807,4,3,1
14791,7,6129,7,11577,1,3,3
4265,1,6800,8,15648,9,2,3
14739,1,6672,10,12287,8,3,3
17006,1,17071,1,15954,7,0,3
15584,11,8822,8,16677,0,0,3
12987,0,11251,11,529,7,1,1
3118,11,2441,3,6161,5,2,3
1955,10,4706,7,17561,4,2,3
8543,7,4420,3,6757,1,2,3
19819,6,8377,7,12159,11,3,3
3376,1,13801,7,2894,9,1,1
16464,0,16114,1,8428,1,0,3
4222,6,9149,6,8071,1,2,3
8005,5,3451,11,9926,1,2,3
13737,4,3088,10,4115,3,3,1
17694,5,16137,4,18578,5,0,3
17396,11,13974,4,13772,5,0,3
5712,5,1547,2,14505,8,2,3
11452,1,12108,3,17923,8,0,3
4348,11,2664,1,16752,2,2,3
11402,5,17810,0,7086,11,1,1
8996,3,7804,5,6279,6,1,3
16435,1,5647,9,5637,1,3,1
18022,3,7223,11,16845,3,3,3
10428,6,5091,10,14060,4,2,3
15278,4,8019,0,15586,2,0,3
7234,2,12526,9,10124,9,1,3
7680,6,19544,11,19627,9,0,3
18547,7,15523,2,14664,5,0,3
18288,1,5080,11,12031,11,3,3
17536,5,2478,8,4888,11,3,1
14492,0,10354,11,1622,4,1,1
3205,5,8604,11,9982,6,2,3
12328,6,7558,3,17892,4,0,3
19072,6,11554,8,17042,7,0,3
8235,7,11950,1,18448,4,0,3
7261,8,3088,10,2749,6,2,3
19833,5,17805,11,7220,3,0,1
13063,0,15790,9,861,2,1,1
17164,5,3437,6,1033,5,3,1
19208,7,18117,5,14250,0,0,3
12415,11,5077,9,12941,11,3,3
6602,5,18516,10,6185,11,1,1
2000,5,15227,8,4136,9,1,1
3009,5,6348,9,7927,8,2,3
17062,3,8402,9,8845,1,3,3
13611,11,13201,4,135,0,1,1
11752,7,19725,11,19110,11,0,3
13702,6,7548,11,11314,6,3,3
7208,10,1768,2,3370,4,2,3
6506,10,19794,9,16642,2,0,3
9837,11,14951,8,19245,4,0,3
9306,6,2719,6,12404,4,2,3
911,1,13792,9,8101,8,1,1
19766,11,11825,8,4167,10,3,1
16905,11,569,9,15075,10,3,3
14891,4,13745,11,772,4,1,1
10509,0,13137,3,14461,6,0,3
9645,3,5309,5,10932,3,2,3
14189,0,9018,8,19191,5,0,3
7559,11,18533,7,3110,3,1,1
970,0,15045,0,2521,6,1,1
348,0,12596,10,10085,6,2,3
6949,4,17340,11,16466,2,0,3
19858,9,1097,9,11381,5,3,3
5620,7,13669,10,16463,6,0,3
1501,8,8477,2,18014,2,2,3
1898,10,8716,8,2945,5,1,1
6931,5,13902,10,9983,11,1,1
16202,0,15912,9,19862,9,0,3
18229,7,3517,10,2440,2,3,1
1625,8,5695,4,16837,6,2,3
9278,0,14473,4,4433,9,1,1
19469,7,3577,3,5405,2,3,1
8293,3,7068,8,10470,5,2,3
6845,11,1791,6,11721,9,2,3
14200,11,15270,11,14444,0,0,3
17583,11,11723,6,3563,10,3,1
17155,8,6211,4,4450,2,3,1
17350,4,16883,8,19517,6,0,3
7652,7,6529,0,8387,8,2,3
7698,8,10529,1,8842,5,1,3
4630,4,18093,10,11323,6,1,1
2070,1,13751,2,9773,4,1,1
13419,1,6727,9,17531,3,0,3
13701,1,14164,2,10908,0,0,3
5860,1,16779,8,15818,1,0,3
628,10,19264,3,5860,4,1,1
4016,1,6907,3,16816,0,2,3
2218,11,17135,7,3558,6,1,1
7533,6,14720,5,14176,5,0,3
5871,6,14350,0,369,7,1,1
17800,2,12281,6,5030,8,3,1
2090,11,13651,4,9276,2,1,1
13121,10,18780,11,7165,11,1,1
6544,1,2710,10,16002,9,2,3
17794,4,10953,2,7097,7,3,3
5593,4,19120,10,8998,10,1,1
10216,6,14214,0,12300,1,0,3
4247,10,10589,4,12320,10,2,3
16928,4,16046,0,14941,1,0,3
8219,10,1389,6,1128,10,3,1
14120,7,7828,5,937,4,3,1
18000,0,2306,0,11689,1,3,3
11815,9,6210,1,778,9,3,1
5512,4,8576,7,10770,4,2,3
14362,3,9572,9,13900,2,0,3
14437,7,11158,11,16533,7,0,3
12459,3,18785,0,16603,11,0,3
18468,9,17331,5,4774,6,1,1
15618,0,17569,1,8579,5,0,3
11528,9,388,10,11370,11,3,3
6925,0,5197,0,3516,7,2,3
6210,10,8896,6,1291,1,1,1
15912,8,14189,6,2218,3,1,1
4552,11,15475,10,9597,0,1,1
17891,2,15902,3,7271,4,0,1
17792,11,19268,11,15516,9,0,3
15058,10,9343,2,10710,11,3,3
18752,10,13826,2,14830,5,0,3
717,4,16895,2,19552,3,0,3
18868,11,6266,2,3580,9,3,1
12858,7,2813,3,7435,7,3,3
3100,0,11098,1,7374,11,1,1
15393,11,3486,4,10437,9,3,3
15704,7,9894,4,8300,4,3,3
11106,1,7426,7,5881,11,3,3
8035,4,14694,8,1723,7,1,1
1951,7,1004,9,18678,0,2,3
6644,8,11830,10,9818,8,1,3
19616,3,18055,0,18062,5,0,3
2072,6,14684,1,1602,11,1,1
13184,9,18728,5,9795,9,0,1
13244,7,16647,5,15141,8,0,3
9007,8,6512,1,2625,1,1,1
2222,8,9892,5,7367,7,2,3
4571,10,6029,7,13415,11,2,3
11327,11,18605,7,7363,0,1,1
3447,0,13225,5,7937,9,1,1
12035,0,16622,1,11940,7,0,3
5676,2,13996,2,15488,9,0,3
11775,8,3733,5,11893,0,3,3
12566,3,19448,4,19131,0,0,3
9919,6,7555,9,8931,11,3,3
7328,8,135,6,14002,8,2,3
12084,1,3474,8,18389,5,2,3
1963,8,18550,9,18988,3,0,3
6144,10,16725,10,13452,2,0,3
6782,0,4824,1,4173,0,2,3
15511,7,18879,9,14785,9,0,3
6294,8,17010,9,16181,11,0,3
10839,7,12090,5,2540,2,1,1
19097,2,14953,3,16152,8,0,3
7084,0,16492,10,7109,2,1,1
12252,7,16494,7,17420,4,0,3
14140,11,17744,3,16588,1,0,3
13100,6,11535,8,755,11,1,1
19252,6,16916,6,11883,0,0,3
17541,4,4773,11,8419,5,3,3
8744,2,13980,4,5574,5,1,1
19109,0,14421,4,13967,7,0,3
8375,3,13538,6,9821,6,1,3
6329,1,16259,3,12047,11,0,1
12992,1,15823,0,10574,11,0,3
4327,9,11920,0,1822,3,1,1
19900,8,7917,11,10284,5,3,3
3624,9,7852,7,3714,4,1,1
18062,3,16049,5,9736,3,0,3
17634,4,8672,6,15945,11,0,3
10702,2,14266,3,1746,9,1,1
4285,10,18780,10,4634,10,1,1
4154,11,10514,5,4061,8,1,1
4343,4,10976,3,323,8,1,1
2588,0,9861,0,7018,7,2,1
5479,7,6400,10,17955,2,2,3
10911,1,14823,9,15020,1,0,3
16798,1,8130,1,2794,2,3,1
7255,8,318,10,10838,1,2,3
8825,0,3125,4,3273,10,3,1
12157,4,18461,3,16158,4,0,3
6680,8,7560,4,563,9,1,1
2636,9,988,6,15459,1,2,3
11517,0,15733,9,5548,7,1,1
9694,8,1421,2,8107,2,3,3
17484,9,18968,9,10159,8,0,3
18013,4,6634,8,13995,0,3,3
12276,9,19957,7,10356,7,0,1
16125,7,689,7,13743,0,3,3
473,5,15320,1,7376,1,1,1
6499,1,14441,7,9377,11,1,1
18583,4,9442,7,19297,6,0,3
14306,9,4533,1,3368,3,3,1
13174,8,15642,3,14446,3,0,3
1742,1,19133,3,9750,11,1,1
9034,0,5473,9,2637,3,3,1
15254,2,15024,8,11162,3,0,3
14776,3,2918,7,1985,10,3,1
10188,2,15587,11,11096,10,0,3
5869,9,1512,2,18294,11,2,3
2532,6,19977,6,9741,1,1,1
9888,3,18084,9,1613,2,1,1
9515,2,17143,2,4321,2,1,1
57,4,13981,10,7586,9,1,1
18159,6,11904,3,15263,0,0,3
7062,4,8999,11,9827,7,2,3
11797,11,4669,3,8037,6,3,3
9932,11,1713,0,1637,5,3,1
6018,2,19496,2,8659,1,1,1
2845,11,675,1,9225,6,2,3
9302,11,19310,0,14301,5,0,1
18567,9,3131,8,4513,5,3,1
14944,5,7863,11,15469,6,3,3
14682,9,17544,7,4238,1,1,1
5013,0,2906,1,556,3,2,1
8177,11,4717,4,3574,1,3,3
10363,4,9040,8,12981,2,0,3
19513,3,13752,3,3253,6,3,1
13147,11,6601,5,2710,9,3,1
8920,0,4075,10,17961,9,2,3
10694,7,18573,11,14300,4,0,3
18660,0,10182,0,18730,11,0,3
19163,6,15597,8,10090,6,0,3
9311,11,17431,11,13092,2,0,3
3736,5,6287,0,8020,7,2,3
169,3,15163,5,144,6,1,1
1985,9,2830,5,6743,9,2,3
8349,5,12575,7,17387,10,0,3
14161,10,6355,4,3504,11,3,1
8514,4,16331,7,2714,8,1,1
5913,6,3265,7,13550,4,2,3
3433,2,3550,6,13791,2,2,3
1144,3,18526,5,18572,7,0,3
5712,8,16828,7,4110,6,1,1
9527,7,10252,4,1300,1,1,1
12214,11,14574,8,2914,10,1,1
10623,0,13506,4,5751,3,1,1
6985,10,2599,1,8481,6,2,3
12773,0,19743,10,15969,1,0,3
1136,10,11523,2,7648,11,1,1
12966,9,6625,5,8126,6,3,3
7816,4,18412,1,6516,4,1,1
2519,3,9199,9,7541,2,2,3
8319,8,17289,0,4297,9,1,1
11984,10,6870,5,13049,5,3,3
17168,4,14879,2,7111,8,1,1
1659,6,15691,4,11604,1,1,3
16619,4,5895,2,15852,2,3,3
8460,7,10842,0,10119,6,1,3
6206,9,16395,7,11008,3,1,1
5037,2,16687,1,13441,2,0,3
17052,0,4860,11,6351,4,3,3
5421,3,1402,9,13642,0,2,3
225,2,14955,4,921,11,1,1
4277,0,6111,10,10251,5,2,3
11615,2,5610,10,17474,3,2,3
9296,9,15961,7,14587,4,0,3
11334,6,17692,2,904,8,1,1
4602,1,5926,10,4659,11,2,3
5812,9,4019,1,1748,10,2,1
2263,7,14261,1,4474,5,1,1
14312,0,8402,8,18663,9,0,3
3859,1,5386,8,18518,10,2,3
656,6,5396,11,4997,6,2,3
19043,7,4718,8,13285,11,3,3
8108,8,1267,10,5233,1,2,3
13909,11,8357,3,18687,3,0,3
128,8,19287,6,7104,9,1,1
15156,7,4842,5,4150,3,3,1
2410,8,11368,1,13721,11,2,3
6716,2,4450,9,15707,6,2,3
14436,4,17398,5,4015,8,1,1
7802,1,3425,6,11613,8,2,3
19392,9,10197,4,9276,7,3,3
1475,5,8722,8,11351,1,2,3
11273,0,4074,0,17601,9,2,3
2014,4,475,0,15517,8,2,3
2172,9,15755,1,13684,11,0,3
4161,4,16634,7,2996,0,1,1
11633,1,19554,6,16559,4,0,3
18931,3,12815,1,125,1,3,1
11499,5,2865,6,17155,7,2,3
8841,9,16816,4,19251,11,0,3
18481,4,9625,3,17525,10,0,3
13933,0,8211,2,1796,0,3,1
1967,11,3279,1,18864,9,2,3
10203,4,12796,0,19317,10,0,3
16124,1,3231,8,14979,0,3,3
19416,3,9291,9,10785,1,3,3
7669,4,2979,2,3355,1,2,3
11758,1,7377,10,12801,7,3,3
18602,6,13755,1,3835,0,3,1
3941,7,9304,1,7225,5,2,3
12999,10,3805,5,17438,3,3,3
11091,3,3214,3,13553,11,2,3
10138,7,10715,0,8619,7,1,3
12891,8,8061,5,12930,11,3,3
5467,3,280,6,17830,4,2,3
18569,6,13150,7,19441,9,0,3
2986,1,17262,2,7204,9,1,1
15870,0,10026,6,8607,5,3,3
7152,7,7833,7,371,8,1,1
14588,8,8652,3,8679,0,3,3
3905,10,15933,6,2331,5,1,1
18481,11,5491,5,8477,8,3,3
2265,9,16899,8,7785,9,1,1
4298,6,2524,3,1433,9,2,1
9775,3,18931,9,5143,10,1,1
10268,5,14685,2,4017,3,1,1
7459,7,12954,2,4282,6,1,1
16617,3,17790,0,19237,5,0,3
2170,0,4129,4,5940,10,2,3
13095,2,10705,6,13664,10,0,3
16667,2,16122,4,9796,7,0,3
6781,4,10871,1,13006,5,2,3
6635,4,723,6,1441,3,2,1
12396,11,15579,4,9973,7,0,3
18408,2,5583,11,4704,11,3,1
2717,5,8064,0,4992,8,2,1
18552,10,11734,4,734,1,3,1
3296,0,12166,0,3286,4,1,1
15733,4,12976,4,9796,5,0,3
4856,7,17518,6,4958,2,1,1
6792,9,18399,2,6539,6,1,1
8899,9,9885,5,15130,10,0,3
11322,2,6021,11,5194,0,3,3
12851,4,19894,3,8787,4,0,1
17178,11,10426,8,9275,8,3,3
1622,0,19751,3,19666,8,0,3
15247,8,1796,11,17558,6,3,3
1391,10,3099,10,2586,9,2,3
2498,2,6236,2,1538,7,1,1
6683,5,10525,7,10158,6,2,3
1465,2,1330,0,13179,7,2,3
10535,4,5943,9,2023,7,3,1
9140,3,13789,6,19238,3,0,3
16723,11,17444,5,8577,2,0,3
9474,6,2493,5,3305,11,3,1
19205,7,11533,11,2008,1,3,1
11458,1,17825,11,2425,3,1,1
13141,4,12043,7,16777,7,0,3
14845,8,1942,5,14934,3,3,3
11889,7,12567,0,2155,6,1,1
18498,5,6189,4,4488,2,3,1
8901,3,237,8,18958,4,2,3
1870,0,2388,4,11229,2,2,3
7810,6,11671,7,708,5,1,1
8339,9,12417,7,14408,0,0,3
14467,8,13856,10,14659,3,0,3
11745,3,7337,0,10905,7,3,3
2857,4,9164,1,11565,11,2,3
10350,1,12876,5,5224,0,1,1
19163,10,13770,0,10501,1,0,3
6332,9,6975,11,12849,0,2,3
6977,9,4004,11,6519,7,2,3
5366,8,16461,1,3419,10,1,1
13957,5,8986,3,4122,8,3,1
1699,3,256,1,9467,3,2,3
8360,9,4332,10,14407,6,2,3
5383,3,4163,2,15487,3,2,3
3173,11,2502,7,11932,8,2,3
16226,7,19131,2,18322,9,0,3
1860,11,3212,10,12097,6,2,3
11988,11,3474,2,5685,9,3,3
11416,8,7220,3,19681,8,0,3
3969,2,2655,8,10859,9,2,3
5575,11,14664,3,19397,1,0,3
668,11,15409,11,18231,7,0,3
16970,7,12311,3,15573,8,0,3
7929,8,2708,6,209,3,3,1
7009,4,8933,0,13152,6,2,3
5389,9,12545,5,18653,3,0,3
9687,6,13126,4,7478,3,1,3
12783,11,16782,7,8085,9,1,3
8431,3,1613,8,3575,5,3,3
876,6,6457,4,6639,2,2,3
3280,4,3130,0,2093,2,2,3
7693,1,15083,1,791,0,1,1
9769,9,13600,6,9858,4,1,3
17605,9,17366,10,3643,7,1,1
1504,2,130,4,1988,11,2,3
17607,9,13754,1,8480,7,3,3
17058,6,290,2,19545,1,3,3
17642,2,2752,7,831,6,3,1
4611,7,15036,7,8275,5,1,1
18222,4,6606,0,12178,10,3,3
17898,6,14788,11,61,7,1,1
1137,3,13968,7,4490,8,1,1
10230,4,1944,7,7715,10,3,3
13468,6,11437,10,17538,1,0,3
11871,1,19699,3,291,11,1,1
10584,10,2816,8,5381,5,3,3
9840,1,15978,4,13344,10,0,3
5619,9,12693,5,2530,3,1,1
5793,9,3823,2,12283,5,2,3
8575,4,866,9,3456,5,3,3
19493,4,2154,4,19156,0,3,3
13796,9,4983,9,13249,2,3,3
6880,1,12270,8,10863,7,1,3
8095,6,5112,11,14564,7,2,3
3024,6,11303,7,9636,10,2,3
12308,8,6077,10,13811,9,3,3
15749,3,9912,5,17968,10,0,3
2902,0,13387,3,106,11,1,1
13850,9,12831,5,15609,8,0,3
19556,6,16212,0,6565,9,0,1
15331,6,7898,8,12804,5,3,3
14830,3,3139,4,14621,8,3,3
4140,3,13245,8,3759,8,1,1
5431,11,14674,4,10306,5,1,1
4323,3,1639,6,5971,1,2,3
7734,4,4587,11,3884,0,2,3
8438,9,7341,6,16835,3,2,3
1865,7,15463,8,9677,6,1,1
9373,11,12237,9,13054,6,0,3
10430,0,9509,9,14715,0,0,3
1335,10,10356,1,7759,3,2,3
13684,0,4343,5,13756,2,3,3
17428,9,2480,5,12615,8,3,3
14642,8,18847,6,18034,0,0,3
2239,4,645,10,9292,3,2,3
712,3,3177,7,16938,3,2,3
5816,2,6591,9,2197,10,1,1
855,1,13792,3,17594,8,2,3
9843,7,1139,3,16973,1,2,3
7011,7,17196,3,1391,1,1,1
10365,9,14201,7,3308,1,1,1
15129,1,18687,9,12571,8,0,3
13111,3,14670,6,16748,1,0,3
6667,2,10308,2,16571,5,0,3
18492,9,5790,3,1920,7,3,1
19996,11,10025,5,8631,6,3,3
14207,7,13657,4,7803,10,1,3
19731,11,11562,7,4478,3,3,1
12769,9,5589,3,11551,3,3,3
13639,0,13291,1,3939,8,1,1
8600,9,6781,10,3257,6,1,1
7293,11,5337,10,7007,0,2,3
10045,7,19681,3,1203,5,1,1
3677,2,2999,9,4726,5,2,3
9355,11,2798,0,17280,11,2,3
606,11,12334,9,16310,3,2,3
9733,3,3129,8,1238,4,3,1
11373,11,10233,6,5330,11,1,3
6378,2,9104,1,1771,1,1,1
11858,6,15653,9,12039,4,0,3
1569,1,7112,11,9032,9,2,3
14387,10,13587,8,15464,10,0,3
7440,10,14043,8,13231,9,0,3
5185,5,10482,0,14757,11,2,3
14543,8,1002,4,2973,1,3,1
19262,1,13836,1,906,1,1,1
10210,1,15571,2,19250,5,0,3
2493,11,426,8,18913,3,2,3
4441,5,6585,9,2189,2,1,1
11466,5,2974,4,8261,3,3,3
13005,0,5287,6,2777,7,3,1
4384,7,10677,6,18941,9,2,3
9001,1,12497,6,13703,2,0,3
1042,3,19787,11,16296,5,0,3
11119,10,19141,10,15522,5,0,3
17633,3,7735,6,3702,7,3,1
15520,10,8370,11,2662,11,3,1
19553,2,3697,6,4711,4,3,1
16285,4,1112,1,14385,11,3,3
8087,10,5796,9,13703,6,2,3
2287,6,16168,6,11310,5,1,1
9782,4,1700,9,18669,3,2,3
16044,5,6204,8,10135,0,3,3
15374,2,18766,8,16127,11,0,3
10222,3,15019,8,818,4,1,1
3514,3,4638,6,9409,2,2,3
12676,6,4971,0,4426,11,3,1
5676,8,12220,11,9350,4,1,3
10007,11,12688,4,2098,9,1,1
16833,11,18859,11,15549,0,0,3
891,6,6993,11,4380,4,2,1
2208,10,578,5,12663,6,2,3
9901,7,8120,5,18210,0,0,3
12636,0,17879,5,2754,1,1,1
14965,1,3675,0,16440,7,3,3
16489,2,3573,11,1682,11,3,1
13669,4,9452,3,18482,3,0,3
14111,9,11176,0,16426,7,0,3
272,1,8068,8,2106,9,1,1
9870,2,4497,9,18040,5,2,3
2911,4,5561,8,11112,10,2,3
2852,3,2615,10,3751,5,2,3
1362,3,5526,7,18301,10,2,3
16574,8,18893,8,19713,3,0,3
2240,5,16524,5,19874,10,0,3
2581,2,5028,10,15863,10,2,3
16142,1,13156,4,7574,6,3,3
19189,6,18601,5,14915,6,0,3
16909,2,16207,9,16152,2,0,3
9816,0,4000,9,15053,5,2,3
12494,8,8664,7,7239,10,3,3
18957,11,2494,9,17430,7,3,3
15924,3,8054,6,2374,10,3,1
16049,9,10544,2,11846,11,3,3
13916,3,19629,10,4692,9,1,1
9340,4,12930,0,14835,2,0,3
4112,5,19724,1,2354,9,1,1
11639,10,17948,8,8477,4,1,1
3201,4,3628,3,6028,0,2,3
2896,1,2798,5,3630,7,2,3
386,10,4833,2,6140,8,2,3
2887,5,102,2,7344,5,2,3
12139,9,13849,2,13745,0,0,3
2277,3,6884,9,11038,9,2,3
11826,11,5317,6,1593,10,3,1
4544,9,9680,6,13194,0,2,3
12059,10,1619,7,5566,4,3,3
8455,8,14131,3,17775,3,0,3
9778,0,14590,11,18395,0,0,3
15104,5,2112,3,9371,2,3,3
7519,11,2613,11,7587,6,2,3
1126,9,17729,11,701,0,1,1
5966,7,3213,8,10786,6,2,3
5058,1,19452,5,15852,2,0,3
11731,0,16472,4,6623,1,1,1
1632,7,10298,6,11565,8,2,3
11115,2,7442,7,875,10,1,1
2981,5,14073,0,1886,5,1,1
1457,8,12759,8,18767,8,2,3
4492,7,1066,7,11127,11,2,3
12010,9,17367,5,7197,9,1,1
9030,3,5950,4,14581,3,2,3
9303,10,5847,6,1287,4,1,1
10199,7,1494,7,12325,3,2,3
7524,6,16686,0,13252,3,0,3
18281,4,12791,5,3263,3,3,1
11749,10,14611,11,16494,9,0,3
17570,1,12395,7,12075,9,0,3
12755,4,8755,3,9614,10,3,3
13451,6,4259,7,12724,9,3,3
1530,1,13731,8,2113,6,1,1
16248,10,3744,10,9059,0,3,3
14796,4,1692,7,3723,6,3,1
16869,6,1491,9,12328,2,3,3
12005,8,1946,2,2738,4,3,1
1472,6,12676,3,11022,6,2,3
6451,10,17403,4,16145,5,0,3
292,7,5652,11,7449,3,2,3
2154,2,16912,2,7237,2,1,1
11224,2,4521,10,2385,8,3,1
2903,1,7038,6,10879,5,2,3
1375,6,8107,1,14724,8,2,3
9939,0,9176,1,796,6,1,1
9760,11,4706,11,14678,8,2,3
8698,3,3798,8,19641,7,2,3
9778,8,17460,7,1371,4,1,1
17525,11,8188,9,144,9,3,1
17477,5,4944,4,9699,0,3,3
2192,7,4392,3,8386,10,2,3
17139,7,15398,11,18968,11,0,3
5496,10,9029,11,6060,10,1,3
15362,1,6871,4,3329,0,3,1
17334,10,1241,10,16677,6,3,3
12976,7,14348,4,4032,10,1,1
18881,10,1927,11,12403,0,3,3
10094,9,17819,4,13929,6,0,3
9125,8,6709,5,16721,5,2,3
12270,8,14437,10,9152,6,0,3
7386,2,12905,11,6885,8,1,1
19767,5,15493,11,15118,6,0,3
9129,0,2555,7,12007,1,2,3
8000,3,7954,7,14080,4,2,3
10253,0,11086,6,17552,11,0,3
19480,2,13726,11,4765,3,3,1
19653,11,5625,4,5719,6,3,1
3525,0,16404,7,10740,1,1,1
18580,6,19247,6,6501,5,1,1
12739,7,6455,5,3982,1,3,1
4676,11,6071,3,17079,6,2,3
16801,10,18357,6,12940,9,0,3
10576,7,6327,0,6583,11,3,3
9637,6,5669,3,12971,10,2,3
10981,7,14143,8,13327,1,0,3
6991,11,8277,4,8532,9,2,3
11145,9,18335,1,11539,0,0,1
2640,9,16523,0,8401,9,1,1
14074,2,14235,3,2347,4,1,1
13184,5,4620,2,14647,3,3,3
13395,5,5398,11,17544,2,3,3
9445,3,18629,4,15051,0,0,3
9573,9,19401,6,14203,11,0,1
6358,5,9748,11,18009,4,2,3
4582,0,5741,10,12185,2,2,3
7200,8,9890,0,11613,2,2,3
2979,11,15093,3,16527,10,0,3
5373,8,95,7,512,0,2,1
15153,4,5167,2,14928,8,3,3
6999,7,17989,7,12313,10,0,1
5429,11,17732,3,9848,4,1,1
14182,0,1256,10,8930,1,3,3
8528,2,12630,0,7885,2,1,3
4541,1,1251,3,8111,10,2,3
3076,0,14419,4,1897,7,1,1
13386,6,3435,7,6005,0,3,3
6965,11,1856,6,4994,1,2,3
18556,6,12463,7,391,10,3,1
10632,4,15696,5,14411,7,0,3
16936,6,3675,9,10906,1,3,3
1336,3,13051,2,17158,6,2,3
12458,6,8081,3,16585,9,0,3
1374,7,10885,5,9786,5,2,3
14088,4,10914,5,10462,9,3,3
12601,11,10065,2,5619,0,3,3
14588,8,7143,3,17700,0,0,3
17612,0,15510,11,11422,0,0,3
17238,2,18622,10,14075,6,0,3
8524,2,18717,4,2058,4,1,1
8086,7,15915,11,10441,2,1,1
17280,9,14552,10,17835,10,0,3
9097,9,7073,6,15237,8,2,3
17953,5,3459,0,9522,2,3,3
13378,9,3809,7,9904,9,3,3
19030,0,8370,8,11402,2,3,3
7503,1,16775,2,9054,3,1,1
2193,8,17366,2,1954,0,1,1
18450,2,9002,6,17049,0,0,3
12602,7,14695,10,5443,4,1,1
17647,1,9956,3,12639,8,3,3
13830,4,14191,10,5756,0,1,1
16522,4,411,5,8611,5,3,3
12059,3,19121,8,9135,3,0,1
10177,0,2230,0,11835,8,2,3
12854,11,13631,7,9467,10,0,3
11904,9,19849,9,18805,6,0,3
13995,6,16845,0,7523,7,1,3
9132,6,12098,9,6721,7,1,3
4645,11,13415,7,5373,9,1,1
8245,9,11033,7,9480,5,1,3
6936,9,6102,1,3300,3,1,3
19717,6,14049,11,18693,2,0,3
3684,11,8635,9,17458,8,2,3
17431,11,2371,0,4441,11,3,1
10252,4,18031,11,14180,1,0,3
18593,10,94,3,18831,2,3,3
10539,3,613,1,10190,9,3,3
10782,4,3001,1,16094,1,2,3
5804,8,5328,9,4914,2,2,3
5293,3,15057,3,14663,7,0,3
4961,8,9699,0,18674,0,2,3
4705,9,19355,6,10281,1,1,1
6624,4,3149,6,3049,6,2,3
1524,6,12110,5,10553,11,2,3
9576,9,1838,9,8537,10,2,3
12824,0,292,11,15239,3,3,3
2248,0,11385,10,14876,0,2,3
19754,2,5014,1,16147,4,3,3
2728,10,253,1,8739,10,2,3
1586,10,4235,8,19186,5,2,3
7470,9,10293,1,15720,4,0,3
6849,10,4245,4,16468,10,2,3
18570,11,2436,0,14711,6,3,3
19979,0,1175,3,15525,8,3,3
3022,3,3220,1,17186,11,2,3
17847,8,16608,7,5661,5,1,1
18815,10,13383,7,11778,9,0,3
4731,10,17256,10,18375,9,0,3
16962,1,17757,9,14246,11,0,3
2388,9,17258,10,4046,3,1,1
11855,3,8617,6,17806,10,0,3
467,4,18039,9,10918,7,1,1
7405,4,2997,1,7783,10,2,3
3294,7,13715,0,10386,7,1,3
19001,2,8153,0,2882,9,3,1
16571,2,2702,2,6518,2,3,3
11338,6,12034,11,8406,8,1,3
6378,2,14965,0,9930,0,1,1
12257,2,6489,7,14672,4,3,3
15862,10,13390,8,19948,11,0,3
6861,10,12520,7,1013,10,1,1
2961,4,16633,4,11697,6,1,1
11614,6,9606,2,18872,5,0,3
19407,3,6861,4,1483,11,3,1
12660,4,7521,3,6897,4,3,3
427,5,17424,9,14545,6,0,3
416,5,2473,11,7786,10,2,3
19607,0,16216,9,5053,5,1,1
14995,2,14682,6,616,7,1,1
3879,11,9446,0,3731,5,1,1
17518,5,6938,6,17975,6,3,3
9611,2,18514,5,18524,2,0,3
15923,1,10273,0,3365,7,3,1
2030,1,10190,9,15283,7,2,3
12130,11,19093,1,17991,0,0,3
6570,9,2389,11,8573,3,2,3
1895,6,7407,7,11510,7,2,3
12729,1,18015,10,18322,6,0,3
16688,7,3234,11,9438,7,3,3
8918,3,12281,1,19572,11,0,3
2462,1,15900,2,13038,11,0,3
18617,4,14898,6,4949,2,1,1
12994,1,16944,3,3809,6,1,1
15907,3,3090,3,8710,3,3,3
672,5,8130,7,11134,10,2,3
5852,3,7877,6,12748,6,2,3
9724,5,18686,9,15609,1,0,3
19370,1,6602,5,19839,1,0,3
6092,4,2076,7,8586,4,2,3
18466,7,12848,2,6417,8,3,1
19334,9,2774,2,13171,2,3,3
13021,9,13181,0,16137,6,0,3
5367,11,11097,0,1674,10,1,1
9853,3,1640,0,177,2,3,1
14065,10,5969,11,10276,9,3,3
16065,8,3653,2,17235,1,3,3
166,7,4409,1,13354,4,2,3
6220,4,13502,0,16667,7,0,3
15304,6,12873,6,3262,6,1,1
929,6,12429,1,10804,5,2,3
16842,5,5040,2,4401,2,3,1
19982,1,11631,1,2259,5,3,1
18753,8,3011,5,7682,2,3,3
13949,3,10268,8,7418,10,3,3
19588,8,15085,7,652,7,1,1
15861,2,6309,9,4868,6,3,1
4228,3,16299,6,2819,2,1,1
7556,9,4769,11,17337,11,2,3
1215,1,11283,2,16295,9,2,3
11226,5,1125,0,1429,11,3,1
17084,4,1783,3,4420,7,3,1
18988,0,11776,0,18236,10,0,3
7544,5,4831,6,10216,4,2,3
7439,1,3618,7,5479,9,2,3
1453,5,7542,9,2364,5,1,1
602,5,17344,3,1143,0,1,1
8434,5,18322,3,15687,1,0,3
1637,7,4105,6,4428,2,2,3
5661,10,16093,2,14022,5,0,3
5188,9,14975,5,6567,11,1,1
17475,5,13909,2,17131,7,0,3
1477,9,10820,7,1462,10,1,1
671,1,12370,11,16790,5,2,3
6739,1,18974,2,11301,5,0,1
15607,9,16650,3,16730,5,0,3
11714,6,17025,4,12225,2,0,3
12657,9,10678,5,4293,2,1,1
11267,3,3094,1,2561,8,3,1
9644,9,17411,5,4834,5,1,1
4310,8,8333,9,1168,7,1,1
6467,10,19424,8,9093,7,1,1
6709,0,2874,5,19635,3,2,3
15580,8,5550,1,4170,4,3,1
4171,11,158,1,13856,10,2,3
13180,11,5179,3,7731,1,3,3
3049,0,12847,3,1413,8,1,1
12547,4,12252,1,6712,1,1,3
16555,10,6717,10,6563,7,3,3
13891,6,11882,7,16667,6,0,3
931,7,2721,4,7440,6,2,3
11119,8,17312,8,19940,8,0,3
1975,0,2113,9,13094,11,2,3
295,0,11290,11,6647,9,1,1
11759,3,1315,7,2504,8,3,1
17179,6,11392,1,1394,2,3,1
5168,3,4321,10,19152,10,2,3
7234,7,14757,7,17168,4,0,3
13697,9,3272,11,5767,11,3,3
13470,2,8022,4,1153,6,3,1
5469,4,952,0,10613,7,2,3
13189,10,6038,11,9520,5,3,3
11972,7,7489,10,282,1,1,1
7207,2,13807,0,15433,8,0,3
14931,8,13847,7,10877,11,0,3
10034,6,14150,5,5616,10,1,1
11327,6,577,4,6342,5,3,3
18378,11,2931,11,14277,8,3,3
14078,5,12524,9,14238,5,0,3
1798,9,3945,9,8861,1,2,3
1205,8,9209,6,6436,8,2,1
19085,1,2747,0,161,2,3,1
4318,9,11688,9,2891,6,1,1
17868,1,12210,2,3719,6,3,1
5202,6,5739,3,11599,8,2,3
16325,8,9374,9,14697,7,0,3
3831,9,6936,9,9847,9,2,3
2518,9,12695,7,6666,5,1,1
12019,0,713,11,4263,5,3,3
12813,4,18131,0,5992,11,1,1
9218,3,12853,11,2394,10,1,1
18702,6,7576,7,6617,4,3,1
8677,2,173,8,18684,0,2,3
9700,6,1517,9,5381,6,3,3
19059,1,2691,5,11591,8,3,3
4708,11,6949,10,4434,6,2,3
11396,1,16845,1,7911,6,1,1
9081,11,18127,7,16167,1,0,3
19009,5,5464,9,17596,11,3,3
13979,7,13916,3,3831,0,1,1
16623,9,4409,4,9024,1,3,3
2254,0,11310,4,7192,2,1,1
4171,5,17748,2,15021,3,0,3
10762,9,19292,9,4802,8,1,1
9481,5,18759,11,4070,6,1,1
5688,0,12792,7,7695,8,1,1
5164,6,15346,0,4833,2,1,1
18809,10,8614,0,13135,3,3,3
11062,0,13795,2,10988,4,0,3
14497,11,5120,0,13068,1,3,3
3801,1,2561,2,15650,7,2,3
10807,1,5745,1,4285,3,3,3
683,1,12304,3,1669,1,1,1
2705,6,5815,6,16515,6,2,3
12330,4,18087,7,6219,0,1,1
6493,7,3498,9,12431,3,2,3
16697,8,18348,7,9744,0,0,3
18172,11,5007,9,11454,7,3,3
15348,11,7754,2,5042,11,3,1
110,8,10810,2,4264,10,1,1
5428,5,5940,6,14225,0,2,3
1175,7,4448,2,19381,6,2,3
13868,3,10293,7,7218,8,3,3
19855,9,4442,9,12508,5,3,3
18343,4,12365,4,9300,1,3,3
14306,2,19496,0,12863,3,0,3
6879,10,9457,3,17544,11,2,3
18947,2,18526,4,13564,8,0,3
16976,2,4487,5,11584,7,3,3
7356,2,15420,8,15549,8,0,3
8575,6,4164,11,16107,5,2,3
2944,8,14536,6,11267,11,1,3
19281,11,14670,6,2075,0,1,1
19929,5,12773,11,18602,3,0,3
6733,3,160,5,18252,4,2,3
8804,4,11264,4,13151,5,0,3
17410,1,17819,7,6137,6,1,1
5465,10,15745,10,17470,4,0,3
12348,4,9063,5,11026,5,3,3
16116,10,8126,11,11333,0,3,3
15805,4,12402,3,8674,10,3,3
19138,0,17218,11,11814,6,0,3
12484,10,14649,6,19144,2,0,3
819,0,18835,7,18166,1,0,3
19802,3,12997,8,17128,9,0,3
12003,2,12632,10,263,8,1,1
8016,3,4615,2,167,10,1,1
9150,7,16236,1,12780,1,0,3
18772,6,18670,1,16179,9,0,3
8583,9,3182,6,16561,4,2,3
9691,1,8892,4,884,2,1,1
8979,4,1101,0,3423,4,3,3
16850,10,8075,11,1767,4,3,1
3865,10,11997,5,13007,1,2,3
17257,10,11953,11,2926,10,3,1
6640,4,16023,1,18370,7,0,3
15207,1,1925,5,1572,8,3,1
909,9,194,9,8842,8,2,3
11858,4,14163,10,5390,8,1,1
18815,3,17006,6,8726,11,0,3
19100,1,1147,5,18827,10,3,3
17434,10,5617,6,8650,11,3,3
17353,3,9086,7,1747,9,3,1
2465,6,160,4,3203,9,2,3
9557,7,8102,0,15222,9,2,3
6081,0,6251,11,12740,2,2,3
9279,6,5708,5,11002,11,2,3
12938,2,19123,5,10081,10,0,1
4561,5,5801,1,16245,11,2,3
1512,7,12913,5,6508,8,1,1
1629,11,10946,8,2432,4,1,1
13500,11,10651,7,4488,1,1,1
1014,7,5483,0,19504,4,2,3
986,8,16758,1,8796,4,1,1
12614,5,5953,5,6072,3,3,3
19387,10,8082,0,12087,5,3,3
3477,7,8696,0,1824,0,1,1
7189,4,18958,6,8955,3,1,1
1166,9,14790,11,15691,8,2,3
6480,9,5587,10,5802,1,2,3
7250,5,6058,1,3676,7,1,3
12249,10,10234,2,16301,6,0,3
15954,11,4055,6,7661,2,3,3
17582,1,1720,7,8846,9,3,3
10581,9,17362,5,14844,3,0,3
17069,0,2036,4,5901,10,3,3
11225,3,18163,10,1575,7,1,1
16325,5,4342,5,3516,2,3,1
3257,0,16141,3,7876,3,1,1
3279,5,13546,0,6133,10,1,1
7220,4,2247,3,8053,1,2,3
17748,2,4172,4,11814,4,3,3
227,2,13253,2,5514,1,1,1
6626,4,15094,9,10143,1,1,1
15298,7,18442,1,233,2,1,1
527,7,6544,1,908,7,1,1
18208,1,3483,4,4525,0,3,1
9348,10,16416,7,18110,2,0,3
7038,3,8879,4,15992,0,2,3
2290,5,10132,8,9240,11,2,3
7657,1,176,10,15103,9,2,3
8864,5,7984,0,15413,7,2,3
17295,0,18195,2,15793,9,0,3
14515,2,17674,11,9995,9,0,3
10333,1,473,3,2428,2,3,1
15612,11,17013,9,6441,3,1,1
18628,11,7928,2,3973,3,3,1
8073,2,8832,9,17068,9,2,3
13118,11,15168,6,2753,8,1,1
18150,10,61,2,9763,8,3,3
8283,8,397,6,4490,5,2,3
17451,8,5842,7,2649,5,3,1
11832,5,1457,8,8002,1,3,3
11569,10,2738,2,16781,1,2,3
18667,9,18715,10,17846,1,0,3
10942,6,15586,2,14761,1,0,3
6203,7,15408,5,1635,4,1,1
8446,11,15176,0,13705,3,0,3
4791,6,4248,6,6042,9,2,3
4835,1,14645,8,16052,6,0,3
5398,8,6043,0,1315,6,1,1
13452,9,17281,5,1982,10,1,1
14802,4,14810,5,6142,9,1,1
11666,10,9758,9,6315,0,1,3
1752,7,7007,6,19537,5,2,3
4245,1,12986,4,19938,11,0,3
4904,9,2812,11,14068,2,2,3
10311,6,8187,7,9840,8,3,3
15179,4,6185,5,8141,8,3,3
1742,2,5510,6,11242,4,2,3
18340,2,17801,3,15030,7,0,3
1552,4,3269,2,16362,5,2,3
7132,2,8041,0,5836,7,1,3
6856,5,408,5,3616,10,2,3
5045,8,10547,11,5218,0,1,1
2842,0,16788,8,16817,5,0,3
14489,9,11037,7,965,11,1,1
12949,8,1322,1,19845,3,2,3
15395,10,5722,1,14980,0,3,3
1303,9,6792,0,14549,4,2,3
14182,8,5557,4,17922,4,3,3
6240,9,14663,2,1619,5,1,1
14703,10,2704,5,13370,2,3,3
14243,8,4926,6,19649,3,0,3
1854,7,4949,6,9934,1,2,3
17404,2,762,8,18053,11,3,3
6649,10,14468,8,8302,0,1,1
9321,0,12578,3,7831,9,1,3
17010,10,11371,8,18930,9,0,3
14942,11,3990,10,16189,11,3,3
355,9,10432,5,11208,10,2,3
6328,3,10453,11,16332,4,2,3
892,10,9535,4,7615,11,2,3
7635,3,12314,9,13051,2,0,3
18611,11,11618,6,17010,0,0,3
1592,9,15677,4,5806,7,1,1
15228,11,12254,1,8726,4,3,3
13186,8,15623,11,9860,8,0,3
15695,3,11398,5,8083,10,3,3
15520,6,6260,9,4574,2,3,1
12664,6,17389,6,4328,2,1,1
12333,4,4107,4,11673,3,3,3
838,4,3991,10,12844,11,2,3
7778,10,18707,11,6917,6,1,1
11078,1,18330,3,5263,6,1,1
14961,8,18552,0,19930,4,0,3
3205,7,12107,3,957,3,1,1
5632,1,12949,1,16432,9,0,3
8486,6,1904,5,5965,8,2,3
5132,2,511,6,11677,7,2,3
15687,3,9796,7,9180,2,3,3
8078,4,9515,8,12911,2,2,3
16044,3,11033,3,18705,2,0,3
14897,11,14913,8,16068,8,0,3
9319,4,724,0,9645,1,2,3
548,2,14923,4,3973,0,1,1
1666,6,1974,1,5532,0,2,3
13158,8,2656,4,18593,0,3,3
13850,5,13180,1,7418,11,1,3
9864,1,671,9,1895,0,3,1
8507,3,14259,8,11325,6,0,3
12231,8,4007,7,2743,6,3,1
8151,6,16406,2,14269,4,0,3
11795,10,15570,9,10486,8,0,3
19222,10,18070,7,15248,7,0,3
6709,6,11127,9,7306,6,1,1
3082,2,17291,10,17033,2,0,3
2354,8,15193,6,18216,3,0,3
15197,0,3053,7,17482,7,3,3
16771,5,19772,3,4929,5,1,1
17195,2,17545,4,10319,3,0,3
19359,8,16800,10,11247,9,0,3
6887,4,1646,0,6871,9,2,3
2297,1,12650,4,8872,0,1,1
4644,2,5212,7,3219,11,2,3
5818,8,17442,1,15160,3,0,3
19677,5,8670,8,13144,7,3,3
11016,6,6912,8,5730,0,3,3
10417,1,8594,7,9236,1,3,3
14714,0,10470,1,9343,5,3,3
1284,6,11566,3,11957,5,2,3
15549,1,18701,4,6973,7,1,1
6048,11,11268,5,16080,1,0,3
12700,0,19994,5,16802,1,0,3
108,3,566,8,1311,6,2,3
5731,11,3402,8,11207,5,2,3
7866,4,18897,4,17668,9,0,3
12679,0,6108,9,11556,9,3,3
5632,11,11630,7,9823,0,1,3
15203,9,4138,1,17716,9,3,3
1123,4,8705,8,3883,3,1,1
15065,9,5685,1,12985,2,3,3
19816,10,3809,9,13431,10,3,3
19708,3,3688,1,3026,10,3,1
12765,4,12560,10,7804,1,1,3
8308,9,10939,2,3756,9,1,1
16375,5,6353,1,17003,2,3,3
4335,5,13978,5,2101,2,1,1
260,6,16454,9,16559,4,0,3
1158,4,8512,8,16657,11,2,3
7491,7,4932,8,1249,4,1,1
10316,7,6888,2,19724,7,0,3
3041,4,18071,1,12522,6,0,1
4862,2,19138,7,15185,3,0,3
11939,1,12194,8,18068,5,0,3
1298,7,4289,0,19289,10,2,3
2933,8,10515,10,14096,3,2,3
16163,5,1314,6,18172,6,3,3
6798,4,7543,9,8516,5,2,3
19217,6,8568,7,10565,5,3,3
4363,2,10284,9,2649,6,1,1
7790,6,7914,11,4002,0,1,3
12554,3,16016,10,15667,10,0,3
13405,3,17288,7,2925,1,1,1
3156,5,18858,8,2393,9,1,1
2433,10,9981,0,1218,9,1,1
16804,7,2862,5,15370,3,3,3
4245,1,15304,8,5573,9,1,1
13829,3,17616,7,8033,0,1,3
14446,4,13317,0,10706,0,0,3
13223,1,17308,7,14494,6,0,3
8657,0,14167,7,8803,3,1,1
15678,4,12469,10,2668,3,1,1
1963,7,4632,1,9899,8,2,3
5866,2,14030,1,12394,10,0,3
13775,10,9349,5,669,7,1,1
16610,8,17453,10,16095,0,0,3
9752,11,6904,2,12499,1,2,3
11178,8,18190,11,9995,4,0,1
4560,7,3429,6,1072,1,2,1
6507,11,10054,7,9668,7,2,3
19185,10,2072,2,12421,7,3,3
12357,10,19634,0,8028,2,1,1
13493,10,2647,1,3325,10,3,1
7198,4,11364,2,4770,8,1,1
6010,6,7782,2,9125,7,2,3
15664,4,823,6,34,7,3,1
12573,7,1607,11,9260,0,3,3
7918,0,2428,3,222,8,3,1
19503,6,13123,6,7883,2,3,3
7345,1,7152,6,12545,2,2,3
18806,5,8218,6,6678,5,3,1
17309,8,10718,0,19370,11,0,3
11638,8,1820,1,17437,6,2,3
15363,6,4882,4,17957,5,3,3
19615,3,18878,8,6658,0,0,1
12162,2,7360,8,5806,3,3,3
1165,0,7339,11,14303,6,2,3
3052,11,16367,4,17339,10,0,3
13994,8,14465,2,1509,9,1,1
14102,9,6079,5,6069,2,3,3
8729,6,16453,8,16069,7,0,3
17801,6,471,7,7653,1,3,3
1939,5,12342,1,8354,8,1,1
14463,7,18896,10,19545,4,0,3
14746,5,5302,3,574,0,3,1
12163,8,10500,1,492,3,1,1
16220,7,4275,7,104,9,3,1
19419,9,3915,2,10641,6,3,3
9572,7,9074,5,7997,6,1,3
16728,3,9456,2,8664,3,3,3
17278,5,5028,2,2027,7,3,1
1226,1,10765,10,565,9,1,1
17805,6,5254,7,15024,10,3,3
3455,2,14547,7,5371,11,1,1
15551,0,9902,8,10712,0,3,3
8515,6,6629,1,1966,7,1,1
1369,8,14999,4,4956,2,1,1
9161,6,12104,0,8630,0,1,3
8308,2,4920,5,11947,9,2,3
13000,2,10866,1,76,9,1,1
12693,2,10288,8,3873,3,1,1
9829,4,17195,1,8485,4,1,1
4394,5,2574,8,8798,4,2,3
841,5,5926,3,112,8,1,1
310,1,15888,4,9485,10,1,1
13527,4,3521,3,14722,6,3,3
2682,6,3045,7,11488,11,2,3
14244,7,9166,1,1753,1,3,1
19364,8,18038,4,725,1,1,1
1090,6,2923,5,14749,0,2,3
1821,2,3654,3,9680,0,2,3
10026,1,14699,0,18091,3,0,3
13822,5,6512,0,10675,11,3,3
2772,11,13221,0,15867,11,2,3
5434,2,13968,5,10855,0,1,3
1298,11,14845,1,11925,6,1,3
399,11,16493,1,10183,2,1,1
4841,10,19848,11,18146,11,0,3
442,11,16575,1,13807,5,0,3
14498,4,10260,10,16906,5,0,3
15172,9,16260,9,7676,1,1,3
11820,11,7449,8,4606,6,3,1
18273,0,17602,8,8946,10,0,3
5374,9,3602,4,15827,3,2,3
19386,4,2219,4,13904,2,3,3
8057,4,11454,4,12395,5,0,3
15609,4,3160,10,6264,6,3,3
18797,4,3932,11,16329,4,3,3
15458,11,17632,3,10883,5,0,3
13982,4,9065,6,5462,5,3,1
5645,6,18796,8,3514,5,1,1
14035,5,19512,7,11724,7,0,3
8160,8,18252,8,7490,4,1,1
10196,6,1545,5,2658,3,3,1
6276,0,9003,5,6146,2,1,3
11772,10,3537,0,14054,9,3,3
15577,7,9296,2,4342,8,3,1
9986,0,6951,5,11754,4,2,3
18848,0,5829,5,1388,2,3,1
2858,10,18139,3,11891,8,1,1
8241,2,16278,9,18818,6,0,3
19377,11,6153,11,11266,0,3,3
910,0,7390,6,13716,6,2,3
4433,0,3363,9,996,11,2,1
19910,2,8616,2,1077,10,3,1
3346,2,7532,7,12270,4,2,3
2591,7,1027,5,763,1,2,1
14031,5,18321,11,17043,7,0,3
11832,3,16513,2,11909,10,0,3
3917,1,3383,9,1688,11,2,3
7002,6,3062,5,16434,5,2,3
1326,3,5000,8,4872,3,2,3
8452,9,10522,1,14107,2,0,3
8370,7,17525,5,5016,1,1,1
4612,7,9415,3,5490,6,1,1
5978,5,4709,8,6572,10,2,3
3775,1,15476,4,5537,10,1,1
10917,1,14436,3,1590,4,1,1
16327,9,16270,0,16979,5,0,3
4697,5,15160,0,1819,8,1,1
8408,9,15538,6,18218,5,0,3
19703,4,4193,2,5985,10,3,1
7915,8,16128,8,12558,10,0,3
1473,5,1022,10,15088,9,2,3
9440,6,11050,2,16255,6,0,3
3320,9,256,10,19143,0,2,3
15399,7,7764,5,8132,6,3,3
13145,3,12230,7,3348,11,1,1
14604,1,4363,10,16813,4,3,3
17878,3,14013,9,19860,1,0,3
18291,1,6966,10,2522,2,3,1
16597,4,7850,0,18439,11,0,3
760,7,6788,8,13768,6,2,3
3339,1,15428,8,7874,8,1,1
4878,7,14256,0,16770,3,0,3
5671,3,18544,2,11546,1,0,1
14521,11,13524,10,3411,5,1,1
14087,7,10576,5,69,5,1,1
1878,5,10328,7,8581,0,2,3
6286,3,1392,10,5192,5,2,3
2478,3,8221,10,2819,1,1,1
13858,6,6811,6,14390,7,3,3
2061,2,18248,1,19585,0,0,3
13350,9,3276,8,19414,2,3,3
4802,4,5269,6,14693,2,2,3
12854,4,9375,11,1759,4,1,1
14766,5,16744,9,12903,5,0,3
11371,4,14816,2,17983,8,0,3
4007,5,6780,0,5185,8,2,3
4321,11,3614,0,13538,6,2,3
4664,6,12332,2,17418,11,0,3
10570,10,14909,4,8059,6,1,1
4235,0,12183,9,4460,9,1,1
4067,1,8936,9,2583,3,1,1
7504,11,5956,11,15402,10,2,3
12701,7,3074,5,12991,6,3,3
599,1,4882,11,8140,0,2,3
10389,7,9961,4,4258,1,1,1
9790,7,3180,5,11886,5,2,3
7513,8,18020,10,15227,5,0,3
10878,3,15871,4,5347,0,1,1
9336,10,9079,6,17415,5,0,3
5620,2,2449,3,10662,4,2,3
17181,5,5839,10,8302,7,3,3
11830,1,15344,9,4431,3,1,1
17914,1,15039,4,609,6,1,1
1862,2,10545,5,17467,9,2,3
4102,0,1036,4,13284,11,2,3
4102,7,13198,11,3536,6,1,1
17770,11,15599,7,17234,0,0,3
15094,7,3089,11,15025,7,3,3
2618,5,12806,8,10881,2,2,3
17731,4,1383,3,18006,9,3,3
444,0,15819,0,13575,8,2,3
13916,10,9943,8,4087,5,3,1
2072,2,545,10,17459,0,2,3
6058,10,16476,2,12746,3,0,3
19315,11,12284,3,795,10,3,1
19835,1,16543,5,6733,0,0,1
9795,11,2350,7,14418,5,2,3
19610,2,4222,5,16277,0,3,3
8219,2,17900,8,14852,6,0,3
14611,9,10701,3,19582,3,0,3
13426,7,3802,5,9435,2,3,3
13841,5,13195,8,16966,1,0,3
10477,10,9638,9,2088,2,1,1
6721,5,3601,5,9876,1,2,3
12930,4,8144,8,17673,1,0,3
5397,7,18283,11,15989,4,0,3
390,8,7602,8,14402,3,2,3
15177,3,2485,9,12937,4,3,3
15849,6,1303,2,11253,0,3,3
9861,2,4364,7,15076,7,2,3
15198,8,17560,8,18040,4,0,3
2767,6,4336,4,6509,2,2,3
18463,2,6296,2,12857,6,3,3
11849,11,2335,3,15587,3,3,3
5441,2,7638,7,5702,9,2,3
10504,3,4090,8,12613,5,2,3
8324,4,6787,4,11642,10,2,3
16468,8,4267,0,9860,1,3,3
19926,10,17287,1,19196,3,0,3
14867,9,18313,1,18037,5,0,3
19964,6,2805,1,15718,3,3,3
12863,7,16224,0,3600,4,1,1
17792,1,19024,6,7026,8,0,1
2688,5,1798,9,4500,3,2,3
2163,1,3668,6,11887,1,2,3
7996,10,4130,4,18169,4,2,3
16840,9,5661,0,18049,0,3,3
5588,10,3527,1,8262,4,2,3
14397,1,11345,8,16097,0,0,3
3430,8,13712,2,17600,1,0,3
18751,6,18474,5,13546,7,0,3
14590,2,11410,2,4430,10,1,1
14284,11,10122,2,15069,10,0,3
14091,1,10081,2,13118,6,0,3
8778,1,3054,7,15517,6,2,3
3821,6,15290,2,18973,5,0,3
4936,2,2297,8,2349,6,2,3
16587,2,3220,5,16046,7,3,3
3848,9,3306,2,8026,9,2,3
11942,2,3716,0,5269,8,3,3
17571,9,17034,2,1756,5,1,1
16736,1,6595,10,4910,7,3,1
13580,9,12169,2,8715,3,3,3
18410,1,1804,11,12106,7,3,3
5102,0,19998,2,12846,6,0,1
2676,7,11732,8,13636,6,2,3
7535,2,6821,4,19086,3,2,3
11322,6,14272,9,3216,3,1,1
8986,3,13496,11,14556,4,0,3
4503,6,16830,5,5814,7,1,1
14163,4,9781,4,16332,3,0,3
14776,8,19483,5,16599,6,0,3
17802,1,14281,1,7240,11,3,1
6048,1,15509,4,15718,7,0,3
13227,0,19407,8,2582,1,1,1
6342,0,13123,3,14206,2,0,3
5617,4,4433,11,8408,8,2,3
3700,9,8513,4,5683,11,2,1
1368,9,3795,4,15485,10,2,3
4024,3,19174,3,93,2,1,1
3662,3,11572,6,7859,2,1,1
7618,7,3853,11,15729,10,2,3
9775,8,1866,1,1900,9,3,1
13731,10,2688,10,19755,7,3,3
15099,0,15327,5,19285,0,0,3
4631,5,13739,10,2573,2,1,1
13493,8,4042,0,8226,5,3,3
6887,3,17993,3,2412,4,1,1
7031,8,13338,7,18986,4,0,3
13744,2,5247,1,15114,1,3,3
3914,5,17894,3,13034,2,0,1
7373,4,15120,8,7248,11,1,1
9177,1,14821,11,4690,8,1,1
15022,5,3252,8,3704,11,3,1
241,6,5165,1,2198,7,2,1
4067,1,12156,5,19880,1,0,3
17160,6,9530,3,19399,1,0,3
11416,2,10764,4,18004,5,0,3
7875,10,11681,0,11692,1,0,3
5464,4,2459,4,6350,5,2,3
7613,9,14834,0,14185,3,0,3
11606,7,13353,10,8659,4,1,3
1662,10,6320,8,15680,0,2,3
1884,10,16044,8,18781,2,0,3
11316,9,12298,1,18488,0,0,3
5365,5,4514,10,4260,1,2,3
2160,0,13235,7,6436,1,1,1
304,11,11716,6,12683,11,2,3
19477,6,9979,6,7869,0,3,3
11296,2,2758,1,18427,8,2,3
18497,11,1913,5,6437,2,3,3
17187,10,6612,0,3527,2,3,1
5463,1,17248,5,9358,7,1,1
370,8,9166,10,2901,5,1,1
15441,10,12163,3,11893,0,0,3
19648,6,11841,10,17963,8,0,3
3067,4,9975,1,8040,2,2,3
8859,7,1586,9,6800,8,2,3
19035,1,9985,2,18604,5,0,3
210,10,6699,0,14443,6,2,3
4480,9,14473,2,3531,5,1,1
18755,1,1181,11,1061,10,3,1
17956,2,15811,11,7305,7,0,1
10045,10,60,4,7732,2,3,3
12826,7,143,8,7639,3,3,3
1165,11,7934,1,418,2,1,1
18316,9,5788,5,637,5,3,1
9757,8,9767,10,5151,9,1,3
15086,3,18310,11,14874,2,0,3
19531,11,3345,8,13340,8,3,3
12084,7,186,11,13561,11,3,3
8085,10,3008,10,7548,9,2,3
5367,7,10338,0,7935,8,1,3
6809,6,4518,9,6882,3,2,3
1792,7,13274,2,4559,3,1,1
3419,3,727,4,3231,1,2,3
15039,8,7419,8,8880,10,3,3
4290,5,12367,9,18710,5,0,3
144,11,10690,11,13871,1,2,3
17716,3,281,7,10408,4,3,3
18627,0,8477,8,9693,10,3,3
8697,10,14448,3,18779,10,0,3
18962,3,4110,5,2360,10,3,1
3262,9,12032,9,560,5,1,1
15471,7,7925,5,8052,2,3,3
2180,5,3348,6,12907,8,2,3
6732,1,13038,7,11087,6,1,3
13317,1,3501,1,10088,2,3,3
14273,2,2683,6,10994,11,3,3
3319,11,10542,9,16882,2,2,3
11795,4,13738,0,13219,9,0,3
8478,8,19722,8,10715,7,0,1
8831,5,601,6,18057,1,2,3
3109,3,16538,11,11383,1,1,1
17213,9,15002,6,1096,2,1,1
12696,10,15597,8,15557,1,0,3
13452,5,11523,6,3564,3,1,1
5851,2,5675,10,19560,4,2,3
3154,5,19363,1,16673,3,0,3
10036,6,5409,1,700,3,3,1
2586,5,15853,3,15935,8,0,3
5197,1,13298,3,15508,9,0,3
16341,6,3186,1,1195,4,3,1
3069,5,17671,8,16889,3,0,3
6144,10,2761,9,6134,8,2,3
13120,6,15096,10,7072,11,1,3
2497,5,11526,9,4578,5,1,1
8713,5,7961,5,18829,7,0,3
6950,3,18171,3,13521,0,0,1
6281,1,18258,4,8159,1,1,1
13461,0,4888,10,4714,7,3,1
10958,2,5468,4,5357,11,3,3
12834,11,2069,0,7116,10,3,3
6144,0,15706,11,8805,6,1,1
15742,11,4165,8,19804,3,3,3
683,4,19724,6,19368,8,0,3
19196,1,316,1,7898,1,3,3
1300,3,11493,0,7664,11,1,1
12970,11,13403,6,1736,6,1,1
12936,1,8488,1,12436,0,3,3
16633,4,18355,10,19445,2,0,3
12417,1,16585,3,16592,7,0,3
13011,10,12062,5,13535,1,0,3
9629,4,3210,0,4231,11,3,3
2920,11,904,4,6886,1,2,3
16825,5,14153,0,17758,8,0,3
4371,0,11897,7,12415,9,2,3
559,4,12104,6,3128,10,1,1
14522,0,17956,2,2245,5,1,1
5000,5,773,7,9745,4,2,3
12637,11,15896,3,6664,7,1,1
910,1,3685,5,308,5,2,1
2899,11,383,5,19251,11,2,3
14692,11,2235,1,3648,8,3,1
15539,8,5254,2,6314,8,3,3
15394,10,14409,0,9403,8,0,3
9874,1,12688,3,640,11,1,1
14257,4,2054,11,18075,11,3,3
1259,9,17318,0,9243,9,1,1
290,3,6445,9,16883,4,2,3
13116,2,10623,4,12460,9,0,3
12944,2,8295,6,11542,8,3,3
18500,8,2286,1,7405,0,3,3
1173,8,11929,0,335,5,1,1
7928,0,9255,6,18057,1,0,3
4198,4,11362,7,7516,8,1,1
12673,1,16088,3,11510,4,0,3
19502,3,6826,7,6414,0,3,1
11074,1,13573,11,19805,1,0,3
1254,8,8764,3,6125,9,2,1
12908,9,10975,1,12678,0,0,3
13832,10,11320,9,8115,1,3,3
18443,1,1876,1,7377,1,3,3
13227,8,10396,10,1083,5,1,1
5399,10,2793,3,13828,0,2,3
4672,6,12540,10,5781,2,1,1
19220,5,2807,3,13548,2,3,3
18464,10,7129,9,12764,9,3,3
11419,0,17616,8,3171,1,1,1
7751,3,5524,9,6078,6,2,3
18000,2,3266,0,16543,11,3,3
11315,2,6610,6,9008,1,3,3
14869,3,5138,1,17606,2,3,3
12901,11,1785,11,19556,9,2,3
15358,6,881,11,657,9,3,1
17135,8,19726,8,7350,5,0,1
10771,6,4541,8,12154,4,3,3
16457,5,4505,6,4590,5,3,1
3273,5,1963,0,9773,1,2,3
19572,3,10618,7,7184,1,3,1
17185,0,6266,0,9924,8,3,3
5831,4,2516,1,16309,5,2,3
14380,5,1879,4,2613,6,3,1
12937,9,11131,10,6162,9,1,3
10734,11,2192,7,17503,0,2,3
15865,8,6058,1,14674,11,3,3
13823,8,3654,1,16634,5,3,3
14009,0,16057,0,12588,8,0,3
11814,6,4769,10,2144,0,3,1
10980,10,16582,0,1744,0,1,1
14633,6,3362,1,17857,3,3,3
12612,6,13066,8,19717,8,0,3
2713,10,5474,8,17056,9,2,3
1293,4,2304,9,4921,7,2,3
6752,8,15040,0,14029,9,0,3
10067,2,18820,3,19188,8,0,3
15242,5,11950,5,19768,0,0,3
5980,6,15146,1,8895,9,1,1
7116,3,17093,3,4180,7,1,1
19756,6,11713,11,15067,7,0,3
12567,4,6315,0,15433,5,3,3
5586,7,4743,11,5235,0,2,3
7123,9,2781,9,16242,2,2,3
474,4,6241,7,16109,11,2,3
10170,10,6754,11,16907,6,2,3
12200,7,10402,2,10228,6,3,3
9414,10,8739,1,18339,5,0,3
17646,0,13061,2,238,5,1,1
4952,9,8693,2,13488,6,2,3
16265,11,11274,1,8165,6,3,3
9382,9,7091,8,18528,7,2,3
11282,9,10178,11,7058,3,1,3
12364,10,17301,11,1078,0,1,1
13865,10,17864,7,16199,2,0,3
9045,8,512,4,12341,6,2,3
14870,2,6938,2,447,5,3,1
13561,3,9580,7,2897,9,3,1
17789,9,9609,7,17694,0,0,3
4789,5,3089,6,7281,6,2,3
16080,3,14354,1,18732,4,0,3
3195,2,19149,3,17279,11,0,3
12661,5,2806,9,19053,10,2,3
1788,10,3200,7,15314,11,2,3
5332,3,17747,10,3563,11,1,1
19666,4,15927,3,17020,0,0,3
2625,3,8611,9,3077,10,1,1
19809,1,6628,7,4280,2,3,1
7789,10,4054,5,7114,6,2,3
12921,4,1174,7,3513,1,3,1
16811,8,2563,1,14632,3,3,3
6369,0,19517,8,16058,1,0,3
5392,1,695,2,11524,6,2,3
5114,0,15779,8,13339,8,0,3
2468,9,14606,10,1157,5,1,1
2492,1,16924,8,7062,7,1,1
10648,1,8939,2,15026,7,0,3
10205,10,19331,10,7079,7,1,1
16843,8,15909,8,8232,2,0,3
14908,1,16597,7,4300,1,1,1
9784,10,12663,4,2715,4,1,1
9286,9,5252,6,5117,5,3,3
936,9,10444,5,15057,4,2,3
8258,4,12918,8,17325,5,0,3
17246,4,7804,1,17206,1,0,3
9634,4,4758,10,7609,9,3,3
4593,8,1239,2,1573,6,2,1
16032,4,12003,4,8050,7,3,3
18721,11,200,6,11991,9,3,3
7267,9,6674,7,13853,3,2,3
1400,9,9483,10,19656,4,2,3
7435,3,9244,5,3532,1,1,1
8276,8,6354,3,8104,9,2,3
7257,9,15467,3,7016,5,1,1
16770,3,5607,4,1592,6,3,1
10827,6,3053,8,5882,0,3,3
9093,1,9503,5,5609,3,1,3
15226,8,2722,3,2479,10,3,1
6423,0,8172,8,9329,1,2,3
11380,9,15874,7,13410,4,0,3
1630,11,6280,1,7199,7,2,3
1785,2,16864,7,8233,11,1,1
4158,8,15913,9,12734,4,0,3
10898,4,812,8,9084,7,3,3
6819,7,17598,8,3782,2,1,1
13075,10,6427,5,11018,1,3,3
10406,6,4945,0,19523,0,2,3
10609,6,3736,3,11539,3,3,3
6221,3,16302,9,16924,7,0,3
8738,4,15294,6,1409,6,1,1
7171,8,4163,8,19499,0,2,3
6919,8,14150,4,3671,2,1,1
4808,0,7894,0,8382,1,2,3
5821,10,19850,10,1089,5,1,1
15464,8,8217,9,2455,5,3,1
13303,4,12593,9,17840,1,0,3
12160,6,6896,6,10386,0,3,3
8621,1,16202,10,5373,5,1,1
4427,10,19424,5,11830,2,1,1
2249,3,19826,11,14884,6,0,3
4149,5,1506,10,18483,11,2,3
18588,9,1616,4,3027,3,3,1
2858,5,17393,3,11415,6,1,1
11000,1,4604,9,2797,10,3,1
16942,4,1756,8,14869,9,3,3
9178,5,18346,7,12709,7,0,1
6546,8,9015,1,9139,6,2,3
4488,2,16143,4,7389,7,1,1
8031,4,10239,3,573,6,1,1
8804,0,12664,7,2296,1,1,1
19305,1,6003,7,18435,4,3,3
1651,2,19840,4,9562,6,1,1
95,9,3531,10,5882,4,2,3
4163,0,3359,0,11008,0,2,3
7541,2,2225,6,6465,2,2,3
1437,6,17530,6,17958,11,0,3
18467,5,19877,11,1202,0,1,1
17014,4,16720,1,3719,10,1,1
1110,8,13757,11,11555,11,2,3
19062,4,19206,9,7354,0,0,1
5199,8,9199,9,1977,6,1,1
12244,11,8428,3,537,9,1,1
8022,4,16093,10,10665,4,0,1
557,6,13388,3,18903,1,2,3
16588,0,14948,2,13872,9,0,3
17654,7,13647,7,6160,7,3,1
15898,4,2058,7,7569,7,3,3
13266,4,7205,5,7441,4,3,3
7351,5,12298,9,3201,7,1,1
18237,7,19641,5,11784,0,0,3
7395,8,3172,3,19643,0,2,3
7651,10,7460,2,4711,5,1,3
15322,9,8596,4,9668,9,3,3
11738,11,11130,9,7865,8,1,3
2217,5,18644,4,3154,1,1,1
9970,0,8148,11,1786,9,1,1
2175,3,5633,5,997,5,2,1
8221,3,3149,3,241,1,3,1
19841,7,15614,7,12175,8,0,3
14512,8,1656,7,11561,3,3,3
19236,3,13851,11,1435,0,1,1
19084,5,2763,5,703,1,3,1
8426,10,4003,0,491,8,3,1
15790,0,14336,9,784,4,1,1
11673,0,2978,6,13486,7,3,3
15654,6,11043,3,12077,4,0,3
18797,3,14680,2,14576,6,0,3
5297,1,12374,2,7989,5,1,1
6412,10,11199,1,7539,3,1,1
455,5,3756,2,12618,9,2,3
14149,6,1368,0,16242,1,3,3
13175,11,10868,10,5862,7,1,3
3075,8,1062,2,2219,0,2,3
6021,0,12106,4,12480,10,2,3
2342,10,9346,8,5000,4,1,1
18551,1,15549,10,2811,5,1,1
10705,1,2411,10,4206,3,3,3
6483,10,11003,7,3334,8,1,1
8065,1,4189,4,1610,1,3,1
14333,2,8525,4,7980,11,3,3
11442,6,16677,10,9152,1,1,1
6573,0,16609,8,5982,7,1,1
10413,11,12797,4,15653,7,0,3
19838,0,16984,10,19431,4,0,3
4738,6,9417,10,12139,9,2,3
1418,8,6624,9,16656,5,2,3
13488,10,15416,3,8723,6,0,3
8587,4,6996,3,986,3,1,1
648,0,7369,6,3943,1,2,1
12600,10,8330,10,12801,4,3,3
12405,2,17040,0,8889,5,1,3
6360,9,13534,5,8098,2,1,1
15746,11,7216,0,8692,11,3,3
12136,1,18703,9,18707,5,0,3
410,5,5271,3,7343,5,2,3
13402,11,15974,10,13471,1,0,3
12326,2,4955,7,5707,1,3,3
7478,7,6529,11,9048,3,2,3
13321,6,8758,4,1288,7,3,1
4997,0,12083,3,13832,3,2,3
10950,10,18494,9,17246,11,0,3
556,7,8295,6,1895,0,1,1
4596,4,17438,5,15897,10,0,3
18689,7,14337,11,12064,5,0,3
16177,2,9677,7,13050,2,3,3
6097,1,6785,0,7639,8,2,3
2705,6,18401,1,16690,0,0,3
14548,2,9264,1,12670,2,3,3
10778,11,4806,8,16517,2,2,3
7188,7,18547,8,14329,8,0,3
11494,3,3111,8,5969,4,3,3
1063,6,2046,10,517,8,2,1
13657,8,14284,11,8133,1,1,3
845,10,10070,11,9319,1,2,3
2108,4,4481,2,16501,1,2,3
19809,10,4891,1,5123,5,3,1
14182,3,16545,0,15669,10,0,3
5744,4,14555,4,11021,4,1,1
17229,1,2949,10,4082,11,3,1
14545,5,5860,10,8993,6,3,3
9733,5,497,1,5067,7,3,3
9142,10,4054,10,19307,4,2,3
18721,7,7867,2,7125,11,3,3
13457,8,7536,11,11193,11,3,3
16172,5,4136,9,4966,3,3,1
3592,6,10422,9,2429,11,1,1
11053,8,4903,2,14685,7,2,3
18006,8,10055,6,14693,8,0,3
14393,7,5501,9,2313,3,3,1
16202,11,11645,3,13915,5,0,3
1434,8,19259,2,2632,8,1,1
9770,7,12488,2,8029,10,1,3
7564,10,4114,9,12145,5,2,3
18478,5,4775,7,15454,2,3,3
9472,0,10507,8,7667,0,1,3
18394,0,5017,5,4907,8,3,1
12188,9,18564,0,5283,5,1,1
12608,9,16472,11,16608,4,0,3
2591,0,1345,2,612,10,2,1
2030,3,9425,0,8949,11,2,3
19445,10,6303,5,2665,4,3,1
17073,4,2561,8,9581,7,3,3
11103,8,11278,8,17349,7,0,3
12785,2,3784,0,12573,3,3,3
11524,1,11963,10,2733,7,1,1
16831,3,11814,2,8492,10,3,3
7588,9,9820,7,18489,2,0,3
6157,7,5248,9,11782,3,2,3
2241,8,9703,5,8738,10,2,3
19479,10,8379,3,15627,11,3,3
19070,0,12692,6,4985,7,3,1
15590,0,13929,1,17980,1,0,3
12706,4,8780,9,15957,8,0,3
11770,5,17775,1,13624,7,0,3
9059,4,406,3,6803,0,3,3
13000,8,13104,11,13207,11,0,3
10124,6,5196,2,11223,8,2,3
2569,9,7038,1,253,4,1,1
18665,2,785,11,15239,4,3,3
7309,8,13294,0,2594,8,1,1
10242,1,18737,5,11555,5,0,1
6684,3,6920,10,19600,4,2,3
1071,0,16546,10,5325,2,1,1
18391,1,7214,3,15510,9,3,3
9680,10,5071,6,8398,10,3,3
14680,10,12758,10,11127,4,0,3
9248,8,3908,2,9894,3,2,3
11021,2,7400,1,10047,7,3,3
11013,2,6009,5,17614,0,2,3
6679,2,9211,11,13544,4,2,3
4657,4,5058,7,12787,5,2,3
14397,4,17287,6,14717,6,0,3
11769,4,2768,6,10776,7,3,3
5224,7,19708,10,16231,1,0,3
13942,4,13871,8,3481,1,1,1
16850,10,12296,5,19272,4,0,3
19179,9,17042,4,16944,9,0,3
14597,7,5448,2,16162,6,3,3
9454,11,6619,2,3886,1,3,3
5713,4,15675,4,16942,1,0,3
15900,2,11138,5,16718,11,0,3
17508,5,18998,11,13288,1,0,3
6953,4,12643,8,7117,6,1,1
1827,7,12887,10,16431,5,2,3
11776,10,13622,10,11563,7,0,3
11120,1,15202,11,14945,6,0,3
18597,1,18737,9,19361,4,0,3
14186,11,169,4,6460,7,3,3
4110,1,13721,2,11021,5,1,3
18470,8,10755,11,3228,0,3,1
5133,8,4137,11,3372,1,2,3
5977,6,16100,4,17223,11,0,3
5079,8,6541,5,7691,2,2,3
17848,4,16536,7,3466,6,1,1
962,4,5854,10,15689,2,2,3
6456,8,11014,11,11600,1,2,3
2049,0,441,0,13596,3,2,3
8344,11,10166,0,11715,5,2,3
19140,0,15779,0,766,7,1,1
2088,7,1265,6,3746,1,2,3
9722,3,6827,10,9092,6,2,3
1127,2,14503,0,14814,0,2,3
17924,0,1758,4,11272,6,3,3
8042,0,12854,7,330,9,1,1
1796,1,15988,0,8883,9,1,1
13695,11,15004,0,6626,9,1,3
5458,5,3121,2,14291,2,2,3
1061,0,10293,10,17836,11,2,3
14051,1,14799,9,15941,3,0,3
10734,3,19545,8,19360,2,0,3
702,9,6930,10,11055,5,2,3
15804,0,4449,3,4411,11,3,1
6699,9,14378,0,12060,4,0,3
8771,0,4625,8,11250,4,2,3
6716,7,14314,5,12744,7,0,3
4191,10,2920,1,19368,11,2,3
9407,6,11981,4,3821,0,1,1
4334,9,915,1,7651,8,2,3
1725,0,19453,7,7761,1,1,1
19786,1,6040,4,3743,11,3,1
454,10,7474,4,8014,0,2,3
392,11,14106,6,15218,5,2,3
8955,9,6701,2,2459,8,1,1
4020,5,738,1,19867,10,2,3
1774,0,12970,5,1343,10,1,1
16356,10,13610,0,10825,7,0,3
16601,7,10156,3,7880,0,3,3
19606,7,7464,8,1301,6,3,1
1080,10,5584,9,2072,2,2,1
7012,4,19989,3,4589,0,1,1
5200,10,11550,2,18484,7,0,3
10506,1,18741,1,16758,9,0,3
15741,4,13224,0,8420,10,3,3
4976,9,5492,5,6857,10,2,3
16833,10,5259,6,12373,7,3,3
6896,2,8048,9,1736,11,1,1
1891,3,12518,4,7155,3,1,1
10875,11,6395,10,12684,4,3,3
19977,2,10889,2,1402,8,3,1
13971,11,4157,10,11672,0,3,3
10060,1,14766,1,9474,2,1,3
12589,4,12108,6,1814,6,1,1
15453,11,12454,11,17556,4,0,3
18670,0,4111,1,14995,3,3,3
3103,10,11864,0,4815,7,1,1
10821,7,14618,7,14955,4,0,3
17062,7,12290,9,15472,2,0,3
709,2,9392,5,16408,11,2,3
7669,5,2002,10,11115,9,2,3
17198,4,6923,3,11115,8,3,3
13253,8,2959,9,16066,10,3,3
5430,8,14003,11,14327,2,0,3
14043,10,204,8,4307,1,3,1
13569,10,1460,5,1286,9,3,1
12989,1,13027,11,3702,6,1,1
15382,1,11836,9,14756,3,0,3
19201,11,10518,11,8120,9,3,3
12907,8,13858,8,13009,10,0,3
16631,1,3703,9,4562,7,3,1
12957,5,5627,7,5863,6,3,3
13530,11,16513,6,12686,9,0,3
13316,4,293,5,18827,6,3,3
14275,10,3879,8,3670,9,3,1
18352,10,7967,3,18904,1,0,3
10594,0,11874,8,2095,5,1,1
5807,3,1633,0,13941,5,2,3
5647,9,10862,6,13443,9,2,3
15544,4,19644,6,1688,11,1,1
17563,0,9911,7,11752,7,3,3
13468,7,12004,4,18200,11,0,3
592,1,4423,0,8013,10,2,3
14968,2,16839,4,3641,9,1,1
17261,3,9006,0,19242,5,0,3
17846,10,18062,6,12233,2,0,3
6075,3,11783,10,720,8,1,1
11026,4,8307,8,19832,9,0,3
11297,11,5885,9,9798,8,3,3
10293,7,1416,9,127,0,3,1
3643,8,13988,3,10416,10,1,3
17724,4,1147,11,5824,2,3,1
1445,1,14509,6,3090,5,1,1
6573,1,531,10,7862,9,2,3
5043,3,18821,3,12019,7,0,1
7461,6,5561,0,17296,11,2,3
19225,5,7281,1,9176,10,3,3
6805,3,17134,6,15901,10,0,3
2350,9,8009,4,17771,0,2,3
17730,5,1948,1,8991,3,3,3
17349,4,1455,2,19852,10,3,3
13771,9,11245,3,15686,7,0,3
18857,0,1353,9,956,9,3,1
5814,3,3248,8,14951,2,2,3
5223,4,11154,8,7376,1,1,1
16777,10,17870,5,12184,0,0,3
7128,7,16310,4,15551,11,0,3
17028,8,7578,3,3340,7,3,1
14948,11,8576,5,14058,6,3,3
15213,8,6714,10,9093,8,3,3
10060,7,18704,4,5674,0,1,1
12854,10,12409,2,5072,9,1,1
3436,4,1126,0,19932,8,2,3
3031,10,11696,11,4425,1,1,1
16129,10,5365,0,11781,11,3,3
3160,1,1950,1,3385,8,2,3
12414,10,18436,6,17191,9,0,3
3316,9,10234,3,13865,4,2,3
7117,8,6031,5,4398,1,2,3
15206,3,12038,4,3671,7,1,1
13873,6,5758,3,13587,8,3,3
12540,6,17873,10,2074,6,1,1
14084,2,10891,7,4047,3,1,1
13869,6,407,0,19105,8,3,3
17452,5,2612,8,7628,8,3,3
19905,8,6650,10,1386,6,3,1
10641,1,10578,2,9596,0,1,3
10441,7,3892,0,15358,9,2,3
2536,7,799,1,10608,11,2,3
12731,4,5845,6,725,10,3,1
12931,10,13797,10,16871,6,0,3
7103,10,6608,7,4787,1,2,3
11205,8,5107,6,8231,3,3,3
10185,11,11918,11,7494,7,1,3
2394,3,3593,5,11664,3,2,3
3202,2,8311,7,14009,1,2,3
18829,1,17972,10,4623,8,1,1
6487,3,3095,2,13549,11,2,3
17767,2,5263,4,8858,2,3,3
8123,6,19263,11,15709,5,0,3
14100,8,8426,6,1017,0,3,1
17587,9,14020,5,16051,8,0,3
5204,7,2373,7,19532,0,2,3
982,6,2832,8,12711,7,2,3
526,0,16469,6,14226,6,0,3
11685,6,16242,2,18379,2,0,3
9728,4,16777,4,18492,9,0,3
5520,2,13777,1,4738,2,1,1
1849,3,4561,3,545,6,2,1
14733,11,16017,0,4464,1,1,1
13880,10,8252,2,2881,0,3,1
3483,0,12628,10,17416,4,0,3
1948,8,9258,7,10268,11,2,3
10538,1,19741,3,8665,11,1,1
17798,6,386,3,18125,7,3,3
7012,8,4193,0,6407,5,2,3
4876,1,3640,6,280,9,2,1
16818,0,11096,7,5817,8,3,1
9951,6,15782,5,4820,6,1,1
13905,2,2381,6,10611,2,3,3
11603,0,4881,10,6069,11,3,3
894,9,16177,11,2455,9,1,1
7586,1,12040,1,9244,4,1,3
9614,7,6237,10,10806,5,2,3
2246,6,18891,10,6626,1,1,1
15167,2,12785,4,5719,2,1,1
6800,0,11983,7,13637,1,0,3
8409,1,4293,5,12871,0,2,3
1691,5,4348,5,10093,3,2,3
18353,11,8861,1,12924,6,3,3
15783,9,7154,9,11657,1,3,3
19522,6,7863,9,11003,2,3,3
13998,11,18636,7,12185,9,0,3
9393,1,17493,10,14046,2,0,3
12986,9,465,4,847,9,3,1
15320,6,17919,10,18295,7,0,3
2221,6,601,4,8163,9,2,3
7150,11,4570,0,16085,11,2,3
14080,9,245,8,13716,7,3,3
11603,6,7350,0,7431,7,3,3
8961,11,9676,8,10794,11,2,3
4861,7,2803,11,15812,2,2,3
1517,5,5142,2,2407,4,2,1
5699,9,19650,5,6856,6,1,1
8054,2,1377,10,13251,6,2,3
14006,8,3825,3,18374,4,3,3
15797,4,17986,8,5985,1,1,1
5385,0,8345,3,13395,11,2,3
9084,0,13311,8,2625,6,1,1
19511,6,3586,6,15540,5,3,3
18499,8,14392,5,11717,9,0,3
11868,3,17454,8,3501,1,1,1
13108,4,16734,5,1970,6,1,1
12870,8,4433,6,8781,4,3,3
8305,7,3483,11,3048,10,3,3
11033,8,19431,5,9263,6,1,1
3797,1,6113,11,18373,7,2,3
8408,3,8719,6,19220,11,0,3
18200,11,5405,10,6565,11,3,1
14704,1,18622,5,17218,6,0,3
11110,7,1785,9,7981,2,3,3
261,9,18013,2,7198,1,1,1
15636,1,6170,11,999,8,3,1
12737,1,12626,1,14826,5,0,3
1402,6,17594,11,17092,9,0,3
2007,4,19645,3,3538,4,1,1
8205,0,4394,3,4227,6,2,3
15028,10,122,10,12468,5,3,3
10218,8,12769,9,15684,2,0,3
17408,9,665,9,8912,2,3,3
629,1,20,2,12744,10,2,3
9433,10,8583,0,1079,6,1,1
6187,4,4510,11,4362,5,2,3
6652,9,18132,6,9118,9,1,1
16017,0,6284,9,2452,9,3,1
13737,6,2782,9,14602,2,3,3
6420,11,19972,4,7427,7,1,1
11552,0,11258,5,16602,0,0,3
6831,10,15869,5,2474,5,1,1
19785,9,13532,2,9837,2,3,3
19929,1,9545,10,5894,5,3,1
15690,11,1754,7,8134,5,3,3
7397,2,11748,5,17254,2,0,3
11932,11,7295,1,12858,5,3,3
10066,1,867,11,7725,8,3,3
11473,9,9327,6,1683,8,1,1
12307,1,18377,4,17158,9,0,3
1145,6,3465,7,5375,8,2,3
16861,9,2028,4,4851,3,3,1
15810,4,19849,1,11660,0,0,3
2570,11,11658,9,18016,0,2,3
658,8,16681,0,9993,7,1,1
16835,1,767,11,8067,8,3,3
9023,11,4377,8,10960,11,2,3
2582,1,15722,11,14974,3,0,3
16208,5,9007,0,8218,3,3,3
16678,9,5226,6,8416,11,3,3
17966,11,18345,0,1436,8,1,1
3966,6,16371,9,9840,7,1,1
16944,2,19850,7,15153,1,0,3
17694,1,2411,6,17487,2,3,3
11409,4,7849,3,15026,6,0,3
12306,4,8939,6,13457,11,0,3
13994,5,15913,2,6037,6,1,1
9172,10,16456,8,15869,10,0,3
6577,4,8875,5,5407,5,1,3
17944,4,9457,0,157,1,3,1
14819,9,187,8,11147,9,3,3
9038,6,12563,1,10501,8,0,3
1472,4,3818,8,14468,7,2,3
10311,0,344,9,12100,4,2,3
5662,6,10483,1,13636,9,2,3
5545,0,7336,0,13896,7,2,3
6623,3,15133,3,10594,0,1,1
9285,1,2413,3,13440,10,2,3
12526,7,3344,5,12521,4,3,3
13957,7,16228,10,13102,0,0,3
7334,5,11415,3,6155,8,1,1
8341,10,313,10,5634,3,2,3
3966,1,9614,9,9770,0,2,3
8268,9,9423,0,10309,11,2,3
3619,9,646,6,15799,9,2,3
4269,3,1117,2,6262,10,2,3
2716,8,6205,3,4564,9,2,1
12579,2,10791,3,12084,4,0,3
2743,6,18773,10,11148,3,1,1
2699,5,11769,6,1327,11,1,1
19855,0,10907,3,7074,10,3,1
17772,3,12707,6,14502,2,0,3
19652,11,17665,6,5291,8,1,1
13032,6,16651,11,13622,11,0,3
18364,8,18725,4,13367,11,0,3
9552,6,10029,9,1111,3,1,1
8455,6,12397,0,3439,7,1,1
5898,7,15976,5,4762,7,1,1
5198,11,12757,4,15232,9,0,3
17427,2,6443,3,10356,10,3,3
9795,7,3533,5,668,5,3,1
10951,10,19967,6,3804,7,1,1
6074,6,3271,11,11646,11,2,3
9289,7,10557,3,6622,9,1,3
8999,9,1743,1,2996,2,3,1
5905,8,14778,0,6562,7,1,1
12187,5,6082,3,13038,1,3,3
9907,10,5866,10,4748,7,3,3
17934,6,8946,1,19156,4,0,3
9205,9,7580,7,11569,0,2,3
11366,11,4878,3,3711,0,3,1
6973,3,18925,3,13984,7,0,1
10875,6,8968,11,8454,1,3,3
7958,5,19086,5,15280,5,0,3
9891,1,12097,6,14248,1,0,3
2758,5,14475,6,3648,10,1,1
3091,9,14304,8,8500,1,1,1
714,6,4361,3,13798,8,2,3
4849,5,4747,6,14053,10,2,3
717,2,2402,4,352,1,2,1
8130,6,9946,4,9836,2,2,3
18188,2,9929,1,9214,2,3,3
2397,1,3594,2,17116,4,2,3
3186,10,19547,5,14183,1,0,3
15906,8,5188,5,16615,2,3,3
3546,9,506,10,13823,10,2,3
12645,1,9690,10,8982,8,3,3
1696,5,19286,8,12795,7,1,1
4533,11,4180,4,8105,11,2,3
5362,1,2650,2,4426,3,2,3
17900,1,16508,5,13076,1,0,3
2163,5,12578,3,165,9,1,1
17959,9,3420,2,3732,8,3,1
6695,10,5124,9,12432,7,2,3
16166,8,4013,10,190,5,3,1
15050,10,13186,0,17716,4,0,3
13343,6,6929,1,19594,0,0,3
5849,9,15303,2,7472,9,1,1
18321,7,15097,1,1517,9,1,1
7701,8,139,6,19741,8,2,3
12433,10,13046,1,768,8,1,1
14150,2,8580,5,5118,10,3,1
16283,8,16416,11,1775,0,1,1
16135,9,15196,8,4140,0,1,1
12399,8,15050,9,4458,4,1,1
6156,3,17314,1,4483,3,1,1
19678,0,7321,6,14482,9,3,3
1452,1,14655,2,206,6,1,1
11756,0,17231,0,3351,11,1,1
18545,6,2448,8,5414,9,3,1
1968,7,6181,2,13318,11,2,3
8951,4,4452,4,16590,6,2,3
11461,6,3952,2,16590,10,2,3
10254,3,16708,8,1594,10,1,1
17768,2,18168,0,3101,0,1,1
4182,4,10445,9,4040,6,1,1
3921,10,14155,3,1006,6,1,1
7935,5,10263,7,19124,6,0,3
4927,8,5690,8,10688,3,2,3
14679,8,4816,7,3459,7,3,1
15598,7,6331,7,1202,6,3,1
1877,3,2095,1,19475,5,2,3
13572,5,12449,0,15356,10,0,3
6107,2,19487,3,4400,0,1,1
6304,0,14559,6,7891,0,1,1
16037,8,12488,5,391,11,1,1
13788,1,15431,4,8988,11,0,3
7799,9,3116,7,12683,8,2,3
4456,4,749,3,18608,3,2,3
8299,2,4998,0,5187,8,2,3
3151,5,11111,2,5881,2,1,1
3739,7,9167,0,18954,7,2,3
